종목코드,종목명,시장구분,업종명,시가총액
000020,동화약품,KOSPI,의약품,281269902900
000040,KR모터스,KOSPI,운수장비,63739802295
000050,경방,KOSPI,유통업,282651433700
000070,삼양홀딩스,KOSPI,기타금융,630330345600
000075,삼양홀딩스우,KOSPI,기타금융,16814407400
000080,하이트진로,KOSPI,음식료품,1588526289150
000087,하이트진로2우B,KOSPI,음식료품,18816797700
000100,유한양행,KOSPI,의약품,4682621942700
000105,유한양행우,KOSPI,의약품,65542170000
000120,CJ대한통운,KOSPI,운수창고업,1845518629600
000140,하이트진로홀딩스,KOSPI,기타금융,223713214600
000145,하이트진로홀딩스우,KOSPI,기타금융,6064032800
000150,두산,KOSPI,기타금융,1640816815500
000155,두산우,KOSPI,기타금융,229396918800
000157,두산2우B,KOSPI,기타금융,83320445400
000180,성창기업지주,KOSPI,서비스업,141595748000
000210,DL,KOSPI,화학,972353017600
000215,DL우,KOSPI,화학,47632748750
000220,유유제약,KOSPI,의약품,94605606990
000225,유유제약1우,KOSPI,의약품,13805603700
000227,유유제약2우B,KOSPI,의약품,4378782000
000230,일동홀딩스,KOSPI,의약품,133868640000
000240,한국앤컴퍼니,KOSPI,기타금융,1155361870800
000250,삼천당제약,KOSDAQ,제약,1432447907400
000270,기아,KOSPI,운수장비,34254166095600
000300,대유플러스,KOSPI,전기전자,108898896600
000320,노루홀딩스,KOSPI,기타금융,136898855300
000325,노루홀딩스우,KOSPI,기타금융,5199984650
000370,한화손해보험,KOSPI,보험,496724083325
000390,삼화페인트,KOSPI,화학,173558132220
000400,롯데손해보험,KOSPI,보험,537502506240
000430,대원강업,KOSPI,운수장비,270940000000
000440,중앙에너비스,KOSDAQ,유통,120183609000
000480,조선내화,KOSPI,비금속광물,361600000000
000490,대동,KOSPI,기계,288384865700
000500,가온전선,KOSPI,전기전자,119674987320
000520,삼일제약,KOSPI,의약품,110471811520
000540,흥국화재,KOSPI,보험,206540103675
000545,흥국화재우,KOSPI,보험,4354560000
000547,흥국화재2우B,KOSPI,보험,2574336000
000590,CS홀딩스,KOSPI,기타금융,70769746600
000640,동아쏘시오홀딩스,KOSPI,기타금융,569497496100
000650,천일고속,KOSPI,운수창고업,75748660000
000660,SK하이닉스,KOSPI,전기전자,80298660859500
000670,영풍,KOSPI,철강금속,1000227720000
000680,LS네트웍스,KOSPI,유통업,222618520200
000700,유수홀딩스,KOSPI,서비스업,175782231000
000720,현대건설,KOSPI,건설업,4253790223000
000725,현대건설우,KOSPI,건설업,76992589000
000760,이화산업,KOSPI,유통업,71820000000
000810,삼성화재,KOSPI,보험,10801462836000
000815,삼성화재우,KOSPI,보험,544236000000
000850,화천기공,KOSPI,기계,85580000000
000860,강남제비스코,KOSPI,화학,155675000000
000880,한화,KOSPI,화학,2301233164500
000885,한화우,KOSPI,화학,17038901700
00088K,한화3우B,KOSPI,화학,344945200000
000890,보해양조,KOSPI,음식료품,84167678045
000910,유니온,KOSPI,비금속광물,113652586320
000950,전방,KOSPI,섬유의복,55440000000
000970,한국주철관,KOSPI,철강금속,168723700000
000990,DB하이텍,KOSPI,전기전자,2810430620400
000995,DB하이텍1우,KOSPI,전기전자,8637100400
001000,신라섬유,KOSDAQ,유통,50375895500
001020,페이퍼코리아,KOSPI,종이목재,51895389710
001040,CJ,KOSPI,기타금융,2558822724600
001045,CJ우,KOSPI,기타금융,113463194600
00104K,CJ4우(전환),KOSPI,기타금융,300082352000
001060,JW중외제약,KOSPI,의약품,529772835200
001065,JW중외제약우,KOSPI,의약품,10663335000
001067,JW중외제약2우B,KOSPI,의약품,13116849200
001070,대한방직,KOSPI,섬유의복,282490000000
001080,만호제강,KOSPI,철강금속,273070000000
001120,LX인터내셔널,KOSPI,유통업,1187994000000
001130,대한제분,KOSPI,음식료품,236093000000
001140,국보,KOSPI,운수창고업,78360028200
001200,유진투자증권,KOSPI,증권,354531089880
001210,금호전기,KOSPI,전기전자,31754103566
001230,동국제강,KOSPI,철강금속,1087933201800
001250,GS글로벌,KOSPI,유통업,252965986660
001260,남광토건,KOSPI,건설업,94491016920
001270,부국증권,KOSPI,증권,213619651600
001275,부국증권우,KOSPI,증권,56850000000
001290,상상인증권,KOSPI,증권,86561358880
001340,백광산업,KOSPI,화학,394832797530
001360,삼성제약,KOSPI,의약품,227007827020
001380,SG글로벌,KOSPI,운수장비,63129656772
001390,KG케미칼,KOSPI,화학,481153531200
001420,태원물산,KOSPI,운수장비,40204000000
001430,세아베스틸지주,KOSPI,철강금속,918070246400
001440,대한전선,KOSPI,전기전자,1803241377000
001450,현대해상,KOSPI,보험,2959140000000
001460,BYC,KOSPI,섬유의복,262338300000
001465,BYC우,KOSPI,섬유의복,32286211500
001470,삼부토건,KOSPI,건설업,430927957500
001500,현대차증권,KOSPI,증권,287315811720
001510,SK증권,KOSPI,증권,336011611581
001515,SK증권우,KOSPI,증권,10172536400
001520,동양,KOSPI,비금속광물,250618266150
001525,동양우,KOSPI,비금속광물,3836109510
001527,동양2우B,KOSPI,비금속광물,3977454410
001530,DI동일,KOSPI,유통업,549458284700
001540,안국약품,KOSDAQ,제약,108643358600
001550,조비,KOSPI,화학,84841185260
001560,제일연마,KOSPI,비금속광물,101300000000
001570,금양,KOSPI,화학,2809621790800
001620,케이비아이동국실업,KOSPI,운수장비,77154704671
001630,종근당홀딩스,KOSPI,의약품,249491077800
001680,대상,KOSPI,음식료품,647918067500
001685,대상우,KOSPI,음식료품,20594451690
001720,신영증권,KOSPI,증권,520936153500
001725,신영증권우,KOSPI,증권,396421480600
001740,SK네트웍스,KOSPI,유통업,1098726714900
001745,SK네트웍스우,KOSPI,유통업,5318726400
001750,한양증권,KOSPI,증권,113538523280
001755,한양증권우,KOSPI,증권,6583500000
001770,SHD,KOSPI,철강금속,34016584000
001780,알루코,KOSPI,철강금속,310844387560
001790,대한제당,KOSPI,음식료품,311247132600
001795,대한제당우,KOSPI,음식료품,19966900800
001800,오리온홀딩스,KOSPI,기타금융,957848502380
001810,무림SP,KOSDAQ,종이·목재,51137625000
001820,삼화콘덴서,KOSPI,전기전자,469334250000
001840,이화공영,KOSDAQ,건설,76054118400
001880,DL건설,KOSPI,건설업,305437983400
001940,KISCO홀딩스,KOSPI,철강금속,307998275200
002020,코오롱,KOSPI,기타금융,253791162600
002025,코오롱우,KOSPI,기타금융,16167377800
002030,아세아,KOSPI,서비스업,311476442600
002070,비비안,KOSPI,섬유의복,40698590340
002100,경농,KOSPI,화학,203620457250
002140,고려산업,KOSPI,음식료품,106117253375
002150,도화엔지니어링,KOSPI,서비스업,285608400000
002170,삼양통상,KOSPI,기타제조업,152100000000
002200,한국수출포장,KOSPI,종이목재,123800000000
002210,동성제약,KOSPI,의약품,153995723000
002220,한일철강,KOSPI,철강금속,87300694200
002230,피에스텍,KOSDAQ,의료·정밀기기,88620828975
002240,고려제강,KOSPI,철강금속,467750000000
002290,삼일기업공사,KOSDAQ,건설,47058000000
002310,아세아제지,KOSPI,종이목재,302281942500
002320,한진,KOSPI,운수창고업,298952560000
002350,넥센타이어,KOSPI,화학,800876591400
002355,넥센타이어1우B,KOSPI,화학,19240000000
002360,SH에너지화학,KOSPI,화학,87017710590
002380,KCC,KOSPI,화학,1857272439000
002390,한독,KOSPI,의약품,210857325560
002410,범양건영,KOSPI,건설업,78344903210
002420,세기상사,KOSPI,유통업,44359607040
002450,삼익악기,KOSPI,기타제조업,111896210940
002460,화성산업,KOSPI,건설업,100688000000
002600,조흥,KOSPI,음식료품,124800000000
002620,제일파마홀딩스,KOSPI,서비스업,218994697050
002630,오리엔트바이오,KOSPI,의약품,85498346605
002680,한탑,KOSDAQ,음식료·담배,53780706881
002690,동일제강,KOSPI,철강금속,46284820800
002700,신일전자,KOSPI,유통업,141810851916
002710,TCC스틸,KOSPI,철강금속,962042679900
002720,국제약품,KOSPI,의약품,92997461640
002760,보락,KOSPI,화학,100751800000
002780,진흥기업,KOSPI,건설업,186640248835
002785,진흥기업우B,KOSPI,건설업,4526111040
002787,진흥기업2우B,KOSPI,건설업,3832504000
002790,아모레G,KOSPI,화학,2399533038000
002795,아모레G우,KOSPI,화학,74232230400
00279K,아모레G3우(전환),KOSPI,화학,145390100000
002800,신신제약,KOSDAQ,제약,74790565000
002810,삼영무역,KOSPI,유통업,247457103200
002820,SUN&L,KOSPI,종이목재,37067487660
002840,미원상사,KOSPI,화학,815285000000
002870,신풍,KOSPI,유통업,36147295800
002880,대유에이텍,KOSPI,운수장비,82312354030
002900,TYM,KOSPI,기계,268142591200
002920,유성기업,KOSPI,운수장비,80437250000
002960,한국쉘석유,KOSPI,화학,297700000000
002990,금호건설,KOSPI,건설업,232807648500
002995,금호건설우,KOSPI,건설업,6035292900
003000,부광약품,KOSPI,의약품,552159890730
003010,혜인,KOSPI,유통업,80090306100
003030,세아제강지주,KOSPI,기타금융,677160919500
003060,에이프로젠바이오로직스,KOSPI,의약품,276288195935
003070,코오롱글로벌,KOSPI,건설업,266193944780
003075,코오롱글로벌우,KOSPI,건설업,16555471950
003080,성보화학,KOSPI,화학,68668600000
003090,대웅,KOSPI,의약품,875618218800
003100,선광,KOSDAQ,운송,159060000000
003120,일성신약,KOSPI,의약품,366415000000
003160,디아이,KOSPI,의료정밀,200930000000
003200,일신방직,KOSPI,섬유의복,263529600000
003220,대원제약,KOSPI,의약품,320025241900
003230,삼양식품,KOSPI,음식료품,873829740000
003240,태광산업,KOSPI,화학,723710000000
003280,흥아해운,KOSPI,운수창고업,327458712438
003300,한일홀딩스,KOSPI,비금속광물,355503152520
003310,대주산업,KOSDAQ,음식료·담배,82110252000
003350,한국화장품제조,KOSPI,화학,111940400000
003380,하림지주,KOSDAQ,금융,930766710510
003410,쌍용C&E,KOSPI,비금속광물,2917347055050
003460,유화증권,KOSPI,증권,138920916750
003465,유화증권우,KOSPI,증권,43603680375
003470,유안타증권,KOSPI,증권,564858310080
003475,유안타증권우,KOSPI,증권,35121216640
003480,한진중공업홀딩스,KOSPI,전기가스업,108817357220
003490,대한항공,KOSPI,운수창고업,8008799376750
003495,대한항공우,KOSPI,운수창고업,31379930500
003520,영진약품,KOSPI,의약품,514843037765
003530,한화투자증권,KOSPI,증권,592151859000
003535,한화투자증권우,KOSPI,증권,23952000000
003540,대신증권,KOSPI,증권,685440900000
003545,대신증권우,KOSPI,증권,341380000000
003547,대신증권2우B,KOSPI,증권,124900000000
003550,LG,KOSPI,기타금융,13905407781200
003555,LG우,KOSPI,기타금융,199729082000
003560,IHQ,KOSPI,서비스업,57908659872
003570,SNT다이내믹스,KOSPI,운수장비,348820791530
003580,HLB글로벌,KOSPI,광업,252083899900
003610,방림,KOSPI,섬유의복,312277984200
003620,KG모빌리티,KOSPI,운수장비,1826560354480
003650,미창석유,KOSPI,화학,120733236800
003670,포스코퓨처엠,KOSPI,전기전자,28971244280000
003680,한성기업,KOSPI,음식료품,35518425800
003690,코리안리,KOSPI,보험,1019558078360
003720,삼영,KOSPI,화학,168810000000
003780,진양산업,KOSPI,화학,87100000000
003800,에이스침대,KOSDAQ,기타제조,342126500000
003830,대한화섬,KOSPI,화학,139705600000
003850,보령,KOSPI,의약품,618896900000
003920,남양유업,KOSPI,음식료품,375840000000
003925,남양유업우,KOSPI,음식료품,49998600000
003960,사조대림,KOSPI,음식료품,261187309500
004000,롯데정밀화학,KOSPI,화학,1524780000000
004020,현대제철,KOSPI,철강금속,4463761508250
004060,SG세계물산,KOSPI,유통업,104856129280
004080,신흥,KOSPI,유통업,135090000000
004090,한국석유,KOSPI,비금속광물,134303789600
004100,태양금속,KOSPI,운수장비,71748500000
004105,태양금속우,KOSPI,운수장비,10956000000
004140,동방,KOSPI,운수창고업,108416191160
004150,한솔홀딩스,KOSPI,기타금융,129596460045
004170,신세계,KOSPI,유통업,1926701921700
004250,NPC,KOSPI,화학,250797600000
004255,NPC우,KOSPI,화학,18057600000
004270,남성,KOSPI,유통업,76226596800
004310,현대약품,KOSPI,의약품,152960000000
004360,세방,KOSPI,운수창고업,285382438200
004365,세방우,KOSPI,운수창고업,28960612500
004370,농심,KOSPI,음식료품,2721982295000
004380,삼익THK,KOSPI,기계,277410000000
004410,서울식품,KOSPI,음식료품,81696711862
004415,서울식품우,KOSPI,음식료품,5361045000
004430,송원산업,KOSPI,화학,431760000000
004440,삼일씨엔에스,KOSPI,비금속광물,67097360690
004450,삼화왕관,KOSPI,기계,75726421850
004490,세방전지,KOSPI,전기전자,684600000000
004540,깨끗한나라,KOSPI,종이목재,100177464170
004545,깨끗한나라우,KOSPI,종이목재,6297952000
004560,현대비앤지스틸,KOSPI,철강금속,235983392150
004565,현대비앤지스틸우,KOSPI,철강금속,5635407600
004590,한국가구,KOSDAQ,유통,66750000000
004650,창해에탄올,KOSDAQ,음식료·담배,97239563300
004690,삼천리,KOSPI,전기가스업,495929557500
004700,조광피혁,KOSPI,기타제조업,329132331000
004710,한솔테크닉스,KOSPI,전기전자,243713974020
004720,팜젠사이언스,KOSPI,의약품,97933149840
004770,써니전자,KOSPI,전기전자,85892952115
004780,대륙제관,KOSDAQ,금속,71564395500
004800,효성,KOSPI,기타금융,1388580547500
004830,덕성,KOSPI,화학,71736000000
004835,덕성우,KOSPI,화학,8004000000
004840,DRB동일,KOSPI,화학,100247900000
004870,티웨이홀딩스,KOSPI,비금속광물,71240828966
004890,동일산업,KOSPI,철강금속,542035552500
004910,조광페인트,KOSPI,화학,87936000000
004920,씨아이테크,KOSPI,기타제조업,85947527940
004960,한신공영,KOSPI,건설업,95342584480
004970,신라교역,KOSPI,"농업, 임업 및 어업",166560000000
004980,성신양회,KOSPI,비금속광물,235599461530
004985,성신양회우,KOSPI,비금속광물,10608000900
004990,롯데지주,KOSPI,기타금융,2984667792650
00499K,롯데지주우,KOSPI,기타금융,32586641350
005010,휴스틸,KOSPI,철강금속,352861111000
005030,부산주공,KOSPI,운수장비,38288532168
005070,코스모신소재,KOSPI,화학,5486485324000
005090,SGC에너지,KOSPI,전기가스업,402149909600
005110,한창,KOSPI,유통업,56767902620
005160,동국산업,KOSDAQ,금속,335230898760
005180,빙그레,KOSPI,음식료품,492562050000
005250,녹십자홀딩스,KOSPI,서비스업,737402332800
005257,녹십자홀딩스2우,KOSPI,서비스업,27833071000
005290,동진쎄미켐,KOSDAQ,반도체,1938326423800
005300,롯데칠성,KOSPI,음식료품,1317601528000
005305,롯데칠성우,KOSPI,음식료품,52333425000
005320,국동,KOSPI,유통업,64829823250
005360,모나미,KOSPI,유통업,62928032310
005380,현대차,KOSPI,운수장비,42200535447000
005385,현대차우,KOSPI,운수장비,2584926356800
005387,현대차2우B,KOSPI,운수장비,3886576237200
005389,현대차3우B,KOSPI,운수장비,254150153600
005390,신성통상,KOSPI,유통업,294602199500
005420,코스모화학,KOSPI,화학,1718903994800
005430,한국공항,KOSPI,운수창고업,119213265750
005440,현대지에프홀딩스,KOSPI,기타금융,233275141040
005490,POSCO홀딩스,KOSPI,철강금속,31841068095000
005500,삼진제약,KOSPI,의약품,314140000000
005610,SPC삼립,KOSPI,음식료품,664433693000
005670,푸드웰,KOSDAQ,음식료·담배,56200000000
005680,삼영전자,KOSPI,전기전자,197200000000
005690,파미셀,KOSPI,의약품,540152676000
005710,대원산업,KOSDAQ,운송장비·부품,130044024000
005720,넥센,KOSPI,화학,244963694775
005725,넥센우,KOSPI,화학,11161860000
005740,크라운해태홀딩스,KOSPI,기타금융,93389812630
005745,크라운해태홀딩스우,KOSPI,기타금융,6331652040
005750,대림B&Co,KOSPI,비금속광물,56685616000
005800,신영와코루,KOSPI,섬유의복,96480000000
005810,풍산홀딩스,KOSPI,기타금융,352948038400
005820,원림,KOSPI,섬유의복,53198005500
005830,DB손해보험,KOSPI,보험,5508240000000
005850,에스엘,KOSPI,운수장비,1672146720000
005860,한일사료,KOSDAQ,음식료·담배,240362478500
005870,휴니드,KOSPI,전기전자,89777855400
005880,대한해운,KOSPI,운수창고업,591435833380
005930,삼성전자,KOSPI,전기전자,431018300110000
005935,삼성전자우,KOSPI,전기전자,49373202000000
005940,NH투자증권,KOSPI,증권,3240376048170
005945,NH투자증권우,KOSPI,증권,177387099200
005950,이수화학,KOSPI,화학,606171465000
005960,동부건설,KOSPI,건설업,168130243050
005965,동부건설우,KOSPI,건설업,6501081600
005990,매일홀딩스,KOSDAQ,음식료·담배,121955722560
006040,동원산업,KOSPI,기타금융,2211732926250
006050,국영지앤엠,KOSDAQ,비금속,50074673705
006060,화승인더,KOSPI,화학,203024400000
006090,사조오양,KOSPI,음식료품,80093281500
006110,삼아알미늄,KOSPI,철강금속,1269638350800
006120,SK디스커버리,KOSPI,기타금융,709160098750
006125,SK디스커버리우,KOSPI,기타금융,40481959000
006140,피제이전자,KOSDAQ,의료·정밀기기,95700000000
006200,한국전자홀딩스,KOSPI,기타금융,52232299776
006220,제주은행,KOSPI,은행,507955916940
006260,LS,KOSPI,기타금융,2675820000000
006280,녹십자,KOSPI,의약품,1486527633600
006340,대원전선,KOSPI,전기전자,88588341354
006345,대원전선우,KOSPI,전기전자,6736484000
006360,GS건설,KOSPI,건설업,1784374066500
006370,대구백화점,KOSPI,유통업,110163999980
006380,카프로,KOSPI,화학,36000000000
006390,한일현대시멘트,KOSPI,비금속광물,338234260000
006400,삼성SDI,KOSPI,전기전자,49166638950000
006405,삼성SDI우,KOSPI,전기전자,555747276000
006490,인스코비,KOSPI,통신업,157295267514
006570,대림통상,KOSPI,기계,51917250000
006580,대양제지,KOSDAQ,종이·목재,87531000000
006620,동구바이오제약,KOSDAQ,제약,169082052480
006650,대한유화,KOSPI,화학,881400000000
006660,삼성공조,KOSPI,운수장비,95402926360
006730,서부T&D,KOSDAQ,숙박·음식,472805690880
006740,영풍제지,KOSPI,종이목재,1010986719000
006800,미래에셋증권,KOSPI,증권,4497500911440
006805,미래에셋증권우,KOSPI,증권,57640196250
00680K,미래에셋증권2우B,KOSPI,증권,534100000000
006840,AK홀딩스,KOSPI,기타금융,250643854120
006880,신송홀딩스,KOSPI,유통업,97469789920
006890,태경케미컬,KOSPI,화학,152772000000
006910,보성파워텍,KOSDAQ,금속,191360664480
006920,모헨즈,KOSDAQ,비금속,53125800000
006980,우성,KOSPI,음식료품,78022500000
007070,GS리테일,KOSPI,유통업,2602240361700
007110,일신석재,KOSPI,유통업,99609200460
007120,미래아이앤지,KOSPI,서비스업,47931880896
007160,사조산업,KOSPI,"농업, 임업 및 어업",196500000000
007210,벽산,KOSPI,비금속광물,147404000000
007280,한국특강,KOSPI,철강금속,122088039970
007310,오뚜기,KOSPI,음식료품,1811539160000
007330,푸른저축은행,KOSDAQ,금융,143588256000
007340,DN오토모티브,KOSPI,전기전자,809514405000
007370,진양제약,KOSDAQ,제약,73680000000
007390,네이처셀,KOSDAQ,제약,650576134320
007460,에이프로젠,KOSPI,기계,378220262805
007530,와이엠,KOSDAQ,금속,76410191220
007540,샘표,KOSPI,기타금융,147528540000
007570,일양약품,KOSPI,의약품,339724819200
007575,일양약품우,KOSPI,의약품,8407561200
007590,동방아그로,KOSPI,화학,90556887050
007610,선도전기,KOSPI,전기전자,54000000000
007660,이수페타시스,KOSPI,전기전자,937311929580
007680,대원,KOSDAQ,건설,93856388520
007690,국도화학,KOSPI,화학,403675596800
007700,F&F홀딩스,KOSPI,기타금융,801844523500
007720,대명소노시즌,KOSDAQ,유통,70761915900
007770,한일화학,KOSDAQ,화학,78273000000
007810,코리아써키트,KOSPI,전기전자,392813089130
007815,코리아써우,KOSPI,전기전자,18588606300
00781K,코리아써키트2우B,KOSPI,전기전자,7249215750
007820,에스엠코어,KOSDAQ,기계·장비,140237622000
007860,서연,KOSPI,기타금융,213666580400
007980,태평양물산,KOSPI,섬유의복,75094093624
008040,사조동아원,KOSPI,음식료품,158928819600
008060,대덕,KOSPI,기타금융,226047300500
00806K,대덕1우,KOSPI,기타금융,11408279370
008110,대동전자,KOSPI,전기전자,92630647010
008250,이건산업,KOSPI,종이목재,81925709800
008260,NI스틸,KOSPI,철강금속,186758764010
008290,원풍물산,KOSDAQ,섬유·의류,39310093914
008350,남선알미늄,KOSPI,철강금속,380137920050
008355,남선알미우,KOSPI,철강금속,8436186000
008370,원풍,KOSDAQ,화학,53640000000
008420,문배철강,KOSPI,철강금속,74017653050
008470,부스타,KOSDAQ,금속,42948528000
008490,서흥,KOSPI,화학,321621341400
008500,일정실업,KOSPI,섬유의복,15480000000
008600,윌비스,KOSPI,유통업,40408859439
008700,아남전자,KOSPI,전기전자,166589611200
008730,율촌화학,KOSPI,화학,897760000000
008770,호텔신라,KOSPI,유통업,3073127874300
008775,호텔신라우,KOSPI,유통업,43007478800
008830,대동기어,KOSDAQ,기계·장비,59317632000
008870,금비,KOSPI,비금속광물,101400000000
008930,한미사이언스,KOSPI,기타금융,2588406780000
008970,동양철관,KOSPI,철강금속,125305095660
009070,KCTC,KOSPI,운수창고업,124200000000
009140,경인전자,KOSPI,전기전자,41390500950
009150,삼성전기,KOSPI,전기전자,11151768812800
009155,삼성전기우,KOSPI,전기전자,211337736800
009160,SIMPAC,KOSPI,철강금속,393231391160
009180,한솔로지스틱스,KOSPI,운수창고업,75562918750
009190,대양금속,KOSPI,철강금속,141320868250
009200,무림페이퍼,KOSPI,종이목재,106519833600
009240,한샘,KOSPI,유통업,1068440331200
009270,신원,KOSPI,섬유의복,148750216200
009290,광동제약,KOSPI,의약품,334445029380
009300,삼아제약,KOSDAQ,제약,116571000000
009310,참엔지니어링,KOSPI,기계,38558159445
009320,대우부품,KOSPI,운수장비,82904692500
009410,태영건설,KOSPI,건설업,155012905530
009415,태영건설우,KOSPI,건설업,8125366080
009420,한올바이오파마,KOSPI,의약품,1238103120600
009440,KC그린홀딩스,KOSPI,기타금융,90300794500
009450,경동나비엔,KOSPI,전기전자,588571116800
009460,한창제지,KOSPI,종이목재,80730108558
009470,삼화전기,KOSPI,전기전자,169313792000
009520,포스코엠텍,KOSDAQ,금속,1034821169550
009540,HD한국조선해양,KOSPI,기타금융,6992383860800
009580,무림P&P,KOSPI,종이목재,226397016120
009620,삼보산업,KOSDAQ,금속,47608850172
009680,모토닉,KOSPI,운수장비,295020000000
009730,코센,KOSDAQ,금속,138727089800
009770,삼정펄프,KOSPI,종이목재,66249231500
009780,엠에스씨,KOSDAQ,음식료·담배,102256000000
009810,플레이그램,KOSPI,유통업,100259397917
009830,한화솔루션,KOSPI,화학,8121922326000
009835,한화솔루션우,KOSPI,화학,91811191850
009900,명신산업,KOSPI,운수장비,1151719419350
009970,영원무역홀딩스,KOSPI,기타금융,943582966400
010040,한국내화,KOSPI,비금속광물,156260170910
010050,우리종금,KOSPI,기타금융,643413706816
010060,OCI홀딩스,KOSPI,화학,1380303192200
010100,한국무브넥스,KOSPI,운수장비,110687276700
010120,LS ELECTRIC,KOSPI,전기전자,1983000000000
010130,고려아연,KOSPI,철강금속,9603836893000
010140,삼성중공업,KOSPI,운수장비,5438400000000
010145,삼성중공우,KOSPI,운수장비,18558952000
010170,대한광통신,KOSDAQ,일반전기전자,146414441190
010240,흥국,KOSDAQ,기계·장비,79727843120
010280,쌍용정보통신,KOSDAQ,컴퓨터서비스,66230890362
010400,우진아이엔에스,KOSPI,건설업,43750280000
010420,한솔PNS,KOSPI,유통업,29120570052
010470,오리콤,KOSDAQ,기타서비스,196630321000
010580,에스엠벡셀,KOSPI,운수장비,287029540800
010600,웰바이오텍,KOSPI,유통업,131711605608
010620,현대미포조선,KOSPI,운수장비,3079539687900
010640,진양폴리,KOSPI,화학,53600000000
010660,화천기계,KOSPI,기계,84260000000
010690,화신,KOSPI,운수장비,572345519900
010770,평화홀딩스,KOSPI,운수장비,55942407450
010780,아이에스동서,KOSPI,비금속광물,1147660312900
010820,퍼스텍,KOSPI,기계,213873497000
010950,S-Oil,KOSPI,화학,8229802095200
010955,S-Oil우,KOSPI,화학,216379672600
010960,삼호개발,KOSPI,건설업,91625000000
011000,진원생명과학,KOSPI,의약품,393423090940
011040,경동제약,KOSDAQ,제약,224304304140
011070,LG이노텍,KOSPI,전기전자,7348636723500
011080,형지I&C,KOSDAQ,섬유·의류,31292626401
011090,에넥스,KOSPI,기타제조업,40014424547
011150,CJ씨푸드,KOSPI,음식료품,121625666605
011155,CJ씨푸드1우,KOSPI,음식료품,5040000000
011170,롯데케미칼,KOSPI,화학,7186270392000
011200,HMM,KOSPI,운수창고업,8587533549760
011210,현대위아,KOSPI,운수장비,1658900063000
011230,삼화전자,KOSPI,전기전자,110013543000
011280,태림포장,KOSPI,종이목재,203213047800
011300,성안,KOSPI,섬유의복,142350285190
011320,유니크,KOSDAQ,운송장비·부품,120561136800
011330,유니켐,KOSPI,기타제조업,110027306929
011370,서한,KOSDAQ,건설,112901353935
011390,부산산업,KOSPI,비금속광물,76771200000
011420,갤럭시아에스엠,KOSPI,서비스업,61022461460
011500,한농화성,KOSPI,화학,300387576820
011560,세보엠이씨,KOSDAQ,건설,95612400000
011690,와이투솔루션,KOSPI,전기전자,246174967500
011700,한신기계,KOSPI,기계,187863214290
011760,현대코퍼레이션,KOSPI,유통업,241164050180
011780,금호석유,KOSPI,화학,3752231936000
011785,금호석유우,KOSPI,화학,200457121800
011790,SKC,KOSPI,화학,3885287374800
011810,STX,KOSPI,유통업,247864830360
011930,신성이엔지,KOSPI,전기전자,442573524650
012030,DB,KOSPI,서비스업,456664827910
012160,영흥,KOSPI,철강금속,75881468628
012170,아센디오,KOSPI,서비스업,77400607620
012200,계양전기,KOSPI,기계,64109762295
012205,계양전기우,KOSPI,기계,5564816040
012280,영화금속,KOSPI,운수장비,55637074210
012320,경동인베스트,KOSPI,기타금융,236502300000
012330,현대모비스,KOSPI,운수장비,21025575962000
012340,뉴인텍,KOSDAQ,운송장비·부품,60184216838
012450,한화에어로스페이스,KOSPI,운수장비,5609804000000
012510,더존비즈온,KOSPI,서비스업,944904582400
012600,청호ICT,KOSPI,기계,47713347630
012610,경인양행,KOSPI,화학,201215124775
012620,원일특강,KOSDAQ,금속,44220000000
012630,HDC,KOSPI,기타금융,397879861860
012690,모나리자,KOSPI,종이목재,103313795375
012700,리드코프,KOSDAQ,유통,195436937650
012750,에스원,KOSPI,서비스업,2036755940800
012790,신일제약,KOSDAQ,제약,98168738850
012800,대창,KOSPI,철강금속,129146087083
012860,모베이스전자,KOSDAQ,운송장비·부품,181618973360
013000,세우글로벌,KOSPI,유통업,44578913143
013030,하이록코리아,KOSDAQ,금속,309830805000
013120,동원개발,KOSDAQ,건설,311017742500
013310,아진산업,KOSDAQ,운송장비·부품,224690109780
013360,일성건설,KOSPI,건설업,120475482400
013520,화승코퍼레이션,KOSPI,운수장비,114116854560
013570,디와이,KOSPI,기타금융,156075423690
013580,계룡건설,KOSPI,건설업,145484475030
013700,까뮤이앤씨,KOSPI,건설업,82357758720
013720,CBI,KOSDAQ,운송장비·부품,70810952996
013810,스페코,KOSDAQ,기계·장비,62359024850
013870,지엠비코리아,KOSPI,운수장비,101464529600
013890,지누스,KOSPI,기타제조업,556624908200
013990,아가방컴퍼니,KOSDAQ,유통,115106376000
014100,메디앙스,KOSDAQ,화학,37996000000
014130,한익스프레스,KOSPI,운수창고업,73440000000
014160,대영포장,KOSPI,종이목재,151643974051
014190,원익큐브,KOSDAQ,유통,71861809180
014200,광림,KOSDAQ,운송장비·부품,91250936176
014280,금강공업,KOSPI,철강금속,158671821370
014285,금강공업우,KOSPI,철강금속,6423738750
014440,영보화학,KOSPI,화학,80200000000
014470,부방,KOSDAQ,기타서비스,173250770100
014530,극동유화,KOSPI,화학,126575994600
014570,고려제약,KOSDAQ,제약,74140000000
014580,태경비케이,KOSPI,비금속광물,195564179000
014620,성광벤드,KOSDAQ,금속,380094000000
014680,한솔케미칼,KOSPI,화학,2692108812500
014710,사조씨푸드,KOSPI,음식료품,94013244780
014790,HL D&I,KOSPI,건설업,106761254820
014820,동원시스템즈,KOSPI,화학,1179945177400
014825,동원시스템즈우,KOSPI,화학,7804480050
014830,유니드,KOSPI,화학,424328520000
014910,성문전자,KOSPI,전기전자,51128925850
014915,성문전자우,KOSPI,전기전자,5004000000
014940,오리엔탈정공,KOSDAQ,기계·장비,154722579095
014970,삼륭물산,KOSDAQ,종이·목재,72524375000
014990,인디에프,KOSPI,섬유의복,75804330640
015020,이스타코,KOSPI,서비스업,37238040400
015230,대창단조,KOSPI,운수장비,194862608600
015260,에이엔피,KOSPI,전기전자,83217676345
015360,예스코홀딩스,KOSPI,서비스업,199200000000
015540,쎌마테라퓨틱스,KOSPI,서비스업,400989543110
015590,큐로,KOSPI,기계,232367696190
015710,코콤,KOSDAQ,통신장비,98696715000
015750,성우하이텍,KOSDAQ,운송장비·부품,804000000000
015760,한국전력,KOSPI,전기가스업,12409165608410
015860,일진홀딩스,KOSPI,기타금융,229465795950
015890,태경산업,KOSPI,화학,220384775000
016090,대현,KOSPI,섬유의복,98528139750
016100,리더스코스메틱,KOSDAQ,화학,64179003840
016250,SGC이테크건설,KOSDAQ,건설,83832655650
016360,삼성증권,KOSPI,증권,3268380000000
016380,KG스틸,KOSPI,철강금속,912081140640
016450,한세예스24홀딩스,KOSPI,섬유의복,194000000000
016580,환인제약,KOSPI,의약품,295927113700
016590,신대양제지,KOSPI,종이목재,228488639400
016600,큐캐피탈,KOSDAQ,금융,75220281264
016610,DB금융투자,KOSPI,증권,179760457415
016670,디모아,KOSDAQ,유통,42576654032
016710,대성홀딩스,KOSPI,서비스업,299585726580
016740,두올,KOSPI,운수장비,151610727800
016790,카나리아바이오,KOSDAQ,음식료·담배,1579365429100
016800,퍼시스,KOSPI,기타제조업,339250000000
016880,웅진,KOSPI,서비스업,116853390960
016920,카스,KOSDAQ,유통,43767324776
017000,신원종합개발,KOSDAQ,건설,54373005820
017040,광명전기,KOSPI,전기전자,113111175150
017180,명문제약,KOSPI,의약품,92013860340
017250,인터엠,KOSDAQ,일반전기전자,33420201596
017370,우신시스템,KOSPI,기계,63549767380
017390,서울가스,KOSPI,전기가스업,405500000000
017480,삼현철강,KOSDAQ,금속,83539374800
017510,세명전기,KOSDAQ,금속,51760170000
017550,수산중공업,KOSPI,기계,146569717545
017650,대림제지,KOSDAQ,종이·목재,81810000000
017670,SK텔레콤,KOSPI,통신업,10733765713200
017800,현대엘리베이,KOSPI,기계,1573468496250
017810,풀무원,KOSPI,음식료품,405221361460
017890,한국알콜,KOSDAQ,화학,226644422400
017900,광전자,KOSPI,전기전자,176438758335
017940,E1,KOSPI,유통업,348488000000
017960,한국카본,KOSPI,기계,499833807090
018000,유니슨,KOSDAQ,기계·장비,211366831767
018120,진로발효,KOSDAQ,음식료·담배,111632083200
018250,애경산업,KOSPI,화학,581018570000
018260,삼성에스디에스,KOSPI,서비스업,9710913900000
018290,브이티지엠피,KOSDAQ,화학,246214996020
018310,삼목에스폼,KOSDAQ,금속,229026000000
018470,조일알미늄,KOSPI,철강금속,349503549960
018500,동원금속,KOSPI,운수장비,66064720329
018620,우진비앤지,KOSDAQ,제약,45645082940
018670,SK가스,KOSPI,유통업,1172240988000
018680,서울제약,KOSDAQ,제약,52641825285
018700,바른손,KOSDAQ,유통,83233824090
018880,한온시스템,KOSPI,기계,5049748000000
019010,베뉴지,KOSDAQ,유통,105076000000
019170,신풍제약,KOSPI,의약품,912401527800
019175,신풍제약우,KOSPI,의약품,66330000000
019180,티에이치엔,KOSPI,전기전자,63630000000
019210,와이지-원,KOSDAQ,금속,206984754630
019440,세아특수강,KOSPI,철강금속,138919700000
019490,하이트론,KOSPI,전기전자,23739723280
019540,일지테크,KOSDAQ,운송장비·부품,58445887500
019550,SBI인베스트먼트,KOSDAQ,금융,179083565375
019570,리더스 기술투자,KOSDAQ,금융,45972646260
019590,엠벤처투자,KOSDAQ,금융,90662502216
019660,글로본,KOSDAQ,유통,68746514096
019680,대교,KOSPI,서비스업,249873407500
019685,대교우B,KOSPI,서비스업,33783535610
019770,서연탑메탈,KOSDAQ,기계·장비,52599750000
019990,에너토크,KOSDAQ,기계·장비,86243817920
020000,한섬,KOSPI,섬유의복,581268000000
020120,키다리스튜디오,KOSPI,서비스업,260274192640
020150,롯데에너지머티리얼즈,KOSPI,전기전자,2702094931000
020180,대신정보통신,KOSDAQ,컴퓨터서비스,43463102865
020400,대동금속,KOSDAQ,금속,30934910200
020560,아시아나항공,KOSPI,운수창고업,918241167760
020710,시공테크,KOSDAQ,기타서비스,89012986800
020760,일진디스플,KOSPI,전기전자,70934421357
021040,대호특수강,KOSDAQ,금속,40112023280
021045,대호특수강우,KOSDAQ,금속,3712152500
021050,서원,KOSPI,철강금속,72493698930
021080,에이티넘인베스트,KOSDAQ,금융,121680000000
021240,코웨이,KOSPI,서비스업,3546071692950
021320,KCC건설,KOSDAQ,건설,122622000000
021650,한국큐빅,KOSDAQ,화학,54038610715
021820,세원정공,KOSPI,운수장비,91400000000
021880,메이슨캐피탈,KOSDAQ,금융,59960656752
022100,포스코DX,KOSDAQ,기타서비스,1731675563310
022220,TKG애강,KOSDAQ,화학,78209814290
023000,삼원강재,KOSPI,운수장비,128600000000
023150,MH에탄올,KOSPI,음식료품,55560300780
023160,태광,KOSDAQ,금속,475145000000
023350,한국종합기술,KOSPI,서비스업,76650000000
023410,유진기업,KOSDAQ,비금속,275999780910
023440,제이스코홀딩스,KOSDAQ,금속,114617923405
023450,동남합성,KOSPI,화학,138250000000
023460,CNH,KOSDAQ,금융,79050000000
023530,롯데쇼핑,KOSPI,유통업,2265929275500
023590,다우기술,KOSPI,서비스업,863682377250
023600,삼보판지,KOSDAQ,종이·목재,158951100000
023760,한국캐피탈,KOSDAQ,금융,218717436168
023770,플레이위드,KOSDAQ,디지털컨텐츠,60491058000
023790,동일철강,KOSDAQ,금속,32368503150
023800,인지컨트롤스,KOSPI,운수장비,145444612400
023810,인팩,KOSPI,운수장비,94600000000
023900,풍국주정,KOSDAQ,음식료·담배,167076000000
023910,대한약품,KOSDAQ,제약,169500000000
023960,에쓰씨엔지니어링,KOSPI,건설업,69998555200
024060,흥구석유,KOSDAQ,유통,85200000000
024070,WISCOM,KOSPI,화학,45826049620
024090,디씨엠,KOSPI,철강금속,155610000000
024110,기업은행,KOSPI,은행,8165640898560
024120,KB오토시스,KOSDAQ,운송장비·부품,67160000000
024720,한국콜마홀딩스,KOSPI,기타금융,266204383270
024740,한일단조,KOSDAQ,운송장비·부품,91750487840
024800,유성티엔에스,KOSDAQ,운송,90406421280
024810,이화전기,KOSDAQ,IT부품,181597539712
024830,세원물산,KOSDAQ,운송장비·부품,70975000000
024840,KBI메탈,KOSDAQ,금속,64647415155
024850,HLB이노베이션,KOSDAQ,반도체,323890214970
024880,케이피에프,KOSDAQ,금속,111724098980
024890,대원화성,KOSPI,화학,122097489920
024900,덕양산업,KOSPI,운수장비,312949457800
024910,경창산업,KOSDAQ,운송장비·부품,139873214525
024940,PN풍년,KOSDAQ,유통,69100000000
024950,삼천리자전거,KOSDAQ,유통,88800230130
025000,KPX케미칼,KOSPI,화학,225302000000
025320,시노펙스,KOSDAQ,IT부품,239860298780
025440,DH오토웨어,KOSDAQ,일반전기전자,82650000000
025530,SJM홀딩스,KOSPI,유통업,82435724160
025540,한국단자,KOSPI,전기전자,635315000000
025550,한국선재,KOSDAQ,금속,105200471200
025560,미래산업,KOSPI,의료정밀,101804341000
025620,제이준코스메틱,KOSPI,화학,32066648900
025750,한솔홈데코,KOSPI,종이목재,86124144281
025770,한국정보통신,KOSDAQ,통신서비스,402525913250
025820,이구산업,KOSPI,철강금속,148816900000
025860,남해화학,KOSPI,화학,434193087820
025870,신라에스지,KOSDAQ,유통,36520000000
025880,케이씨피드,KOSDAQ,음식료·담배,46219347370
025890,한국주강,KOSPI,기계,37320554700
025900,동화기업,KOSDAQ,종이·목재,978045565200
025950,동신건설,KOSDAQ,건설,104832000000
025980,아난티,KOSDAQ,숙박·음식,531243541030
026040,제이에스티나,KOSDAQ,기타제조,48768699450
026150,특수건설,KOSDAQ,건설,141949817790
026890,스틱인베스트먼트,KOSPI,기타금융,241316633250
026910,광진실업,KOSDAQ,금속,31450538550
026940,부국철강,KOSPI,철강금속,74200000000
026960,동서,KOSPI,유통업,2013940000000
027040,서울전자통신,KOSDAQ,IT부품,40779064342
027050,코리아나,KOSDAQ,화학,121200000000
027360,아주IB투자,KOSDAQ,금융,292391553520
027410,BGF,KOSPI,기타금융,392438843100
027580,상보,KOSDAQ,화학,96110397096
027710,팜스토리,KOSDAQ,음식료·담배,231746528000
027740,마니커,KOSPI,음식료품,88090073236
027830,대성창투,KOSDAQ,금융,82000000000
027970,세하,KOSPI,종이목재,76386097019
028050,삼성엔지니어링,KOSPI,서비스업,5566400000000
028080,휴맥스홀딩스,KOSDAQ,컴퓨터서비스,91690018740
028100,동아지질,KOSPI,건설업,190834932680
028260,삼성물산,KOSPI,유통업,20340847032000
02826K,삼성물산우B,KOSPI,유통업,161928787500
028300,HLB,KOSDAQ,제약,4665187027750
028670,팬오션,KOSPI,운수창고업,2523168096640
029460,케이씨,KOSPI,의료정밀,270403177800
029480,광무,KOSDAQ,통신장비,172652929760
029530,신도리코,KOSPI,전기전자,365905052700
029780,삼성카드,KOSPI,기타금융,3493145563650
029960,코엔텍,KOSDAQ,기타서비스,373500000000
030000,제일기획,KOSPI,서비스업,2116758540000
030190,NICE평가정보,KOSDAQ,기타서비스,644184240200
030200,KT,KOSPI,통신업,7990021324800
030210,다올투자증권,KOSPI,증권,228721203030
030350,드래곤플라이,KOSDAQ,디지털컨텐츠,46109352981
030520,한글과컴퓨터,KOSDAQ,소프트웨어,374919185760
030530,원익홀딩스,KOSDAQ,기계·장비,289256238845
030610,교보증권,KOSPI,증권,349774331360
030720,동원수산,KOSPI,"농업, 임업 및 어업",40022723000
030790,비케이탑스,KOSPI,서비스업,19208323080
030960,양지사,KOSDAQ,출판·매체복제,279330400000
031310,아이즈비전,KOSDAQ,통신장비,49648669840
031330,에스에이엠티,KOSDAQ,유통,318984263730
031430,신세계인터내셔날,KOSPI,유통업,645813000000
031440,신세계푸드,KOSPI,서비스업,166903888000
031510,오스템,KOSDAQ,운송장비·부품,45836000000
031820,콤텍시스템,KOSPI,서비스업,114151532438
031860,엔에스엔,KOSDAQ,유통,80186656080
031980,피에스케이홀딩스,KOSDAQ,반도체,228561387000
032080,아즈텍WB,KOSDAQ,섬유·의류,40102260114
032190,다우데이타,KOSDAQ,유통,587522000000
032280,삼일,KOSDAQ,운송,36480577500
032300,한국파마,KOSDAQ,제약,215407344750
032350,롯데관광개발,KOSPI,서비스업,819503141490
032500,케이엠더블유,KOSDAQ,통신장비,749827226890
032540,TJ미디어,KOSDAQ,일반전기전자,109223814560
032560,황금에스티,KOSPI,철강금속,136340000000
032580,피델릭스,KOSDAQ,반도체,64276204160
032620,유비케어,KOSDAQ,소프트웨어,317358605120
032640,LG유플러스,KOSPI,통신업,4837653879880
032680,소프트센,KOSDAQ,컴퓨터서비스,66168525844
032685,소프트센우,KOSDAQ,컴퓨터서비스,4085704480
032750,삼진,KOSDAQ,일반전기전자,51850658380
032790,엠젠솔루션,KOSDAQ,정보기기,102183307750
032800,판타지오,KOSDAQ,오락·문화,59068394550
032820,우리기술,KOSDAQ,일반전기전자,233558675460
032830,삼성생명,KOSPI,보험,13380000000000
032850,비트컴퓨터,KOSDAQ,소프트웨어,117027982720
032860,휴먼엔,KOSDAQ,기타서비스,65288375880
032940,원익,KOSDAQ,유통,70680698550
032960,동일기연,KOSDAQ,IT부품,52643742870
032980,바이온,KOSDAQ,유통,50975743640
033050,제이엠아이,KOSDAQ,출판·매체복제,41864454470
033100,제룡전기,KOSDAQ,IT부품,270169719380
033130,디지틀조선,KOSDAQ,디지털컨텐츠,80168976720
033160,엠케이전자,KOSDAQ,반도체,306942664210
033170,시그네틱스,KOSDAQ,반도체,141108813074
033180,KH 필룩스,KOSPI,전기전자,84294994836
033200,모아텍,KOSDAQ,IT부품,75095409400
033230,인성정보,KOSDAQ,컴퓨터서비스,160979134900
033240,자화전자,KOSPI,전기전자,780137658600
033250,체시스,KOSPI,운수장비,34880000000
033270,유나이티드제약,KOSPI,의약품,367132977200
033290,코웰패션,KOSDAQ,유통,402676064700
033310,엠투엔,KOSDAQ,금속,182548595275
033320,제이씨현시스템,KOSDAQ,유통,113922014720
033340,좋은사람들,KOSDAQ,섬유·의류,204565677380
033500,동성화인텍,KOSDAQ,화학,351792720720
033530,세종공업,KOSPI,운수장비,235087120450
033540,파라텍,KOSDAQ,기계·장비,66882296406
033560,블루콤,KOSDAQ,IT부품,69340500000
033640,네패스,KOSDAQ,반도체,457725159700
033780,KT&G,KOSPI,기타제조업,11422735750400
033790,스카이문스테크놀로지,KOSDAQ,디지털컨텐츠,28876547700
033830,티비씨,KOSDAQ,방송서비스,104400000000
033920,무학,KOSPI,음식료품,163875000000
034020,두산에너빌리티,KOSPI,기계,10530825240240
034120,SBS,KOSPI,서비스업,612374126100
034220,LG디스플레이,KOSPI,전기전자,5707160415000
034230,파라다이스,KOSDAQ,오락·문화,1314587794260
034300,신세계건설,KOSPI,건설업,71520000000
034310,NICE,KOSPI,서비스업,461406414000
034590,인천도시가스,KOSPI,전기가스업,113962341700
034730,SK,KOSPI,기타금융,12414436598400
03473K,SK우,KOSPI,기타금융,85033477000
034810,해성산업,KOSDAQ,금융,308313435790
03481K,해성산업1우,KOSDAQ,금융,15833710800
034830,한국토지신탁,KOSPI,기타금융,350455051240
034940,조아제약,KOSDAQ,제약,70943803830
034950,한국기업평가,KOSDAQ,기타서비스,336906138800
035000,지투알,KOSPI,서비스업,102386587620
035080,그래디언트,KOSDAQ,유통,303408991360
035150,백산,KOSPI,화학,179708100000
035200,프럼파스트,KOSDAQ,화학,36003183000
035250,강원랜드,KOSPI,서비스업,3878741265000
035290,골드앤에스,KOSDAQ,출판·매체복제,144461254040
035420,NAVER,KOSPI,서비스업,33548037882500
035460,기산텔레콤,KOSDAQ,통신장비,46866148100
035510,신세계 I&C,KOSPI,서비스업,254560000000
035600,KG이니시스,KOSDAQ,소프트웨어,343224538200
035610,솔본,KOSDAQ,기타서비스,129209835825
035620,바른손이앤에이,KOSDAQ,오락·문화,61561611225
035720,카카오,KOSPI,서비스업,25393578896400
035760,CJ ENM,KOSDAQ,방송서비스,1664422788600
035810,이지홀딩스,KOSDAQ,음식료·담배,209118162450
035890,서희건설,KOSDAQ,건설,332992454193
035900,JYP Ent.,KOSDAQ,오락·문화,4568527220400
036000,예림당,KOSDAQ,출판·매체복제,46989925080
036010,아비코전자,KOSDAQ,일반전기전자,212819873340
036030,케이티알파,KOSDAQ,유통,286272612720
036090,위지트,KOSDAQ,기계·장비,80527389964
036120,SCI평가정보,KOSDAQ,기타서비스,141290000000
036170,클라우드에어,KOSDAQ,반도체,82475401344
036180,지더블유바이텍,KOSDAQ,유통,38435516430
036190,금화피에스시,KOSDAQ,건설,189900000000
036200,유니셈,KOSDAQ,반도체,255432977590
036420,콘텐트리중앙,KOSPI,서비스업,436291276200
036460,한국가스공사,KOSPI,전기가스업,2483219700000
036480,대성미생물,KOSDAQ,제약,46436000000
036530,SNT홀딩스,KOSPI,기타금융,268035885840
036540,SFA반도체,KOSDAQ,반도체,932489918010
036560,영풍정밀,KOSDAQ,기계·장비,204435000000
036570,엔씨소프트,KOSPI,서비스업,7014310029000
036580,팜스코,KOSPI,음식료품,149850007440
036620,감성코퍼레이션,KOSDAQ,유통,334004263320
036630,세종텔레콤,KOSDAQ,통신서비스,164700000000
036640,HRS,KOSDAQ,화학,98292348000
036670,KCI,KOSDAQ,화학,98725200000
036690,코맥스,KOSDAQ,통신장비,54712986720
036710,심텍홀딩스,KOSDAQ,IT부품,144808684275
036800,나이스정보통신,KOSDAQ,통신서비스,230000000000
036810,에프에스티,KOSDAQ,반도체,511284541500
036830,솔브레인홀딩스,KOSDAQ,기타서비스,620536057600
036890,진성티이씨,KOSDAQ,기계·장비,249103529440
036930,주성엔지니어링,KOSDAQ,반도체,808656793120
037030,파워넷,KOSDAQ,일반전기전자,73988577080
037070,파세코,KOSDAQ,일반전기전자,287000000000
037230,한국팩키지,KOSDAQ,종이·목재,75841832215
037270,YG PLUS,KOSPI,서비스업,416731223700
037330,인지디스플레,KOSDAQ,IT부품,94792083840
037350,성도이엔지,KOSDAQ,기타서비스,64200500000
037370,EG,KOSDAQ,화학,173361937200
037400,우리엔터프라이즈,KOSDAQ,유통,42245810406
037440,희림,KOSDAQ,기타서비스,128365219500
037460,삼지전자,KOSDAQ,통신장비,147029883220
037560,LG헬로비전,KOSPI,서비스업,340766206000
037710,광주신세계,KOSPI,유통업,269748741000
037760,쎄니트,KOSDAQ,금속,54944663704
037950,엘컴텍,KOSDAQ,IT부품,143560782300
038010,제일테크노스,KOSDAQ,금속,78840000000
038060,루멘스,KOSDAQ,반도체,78119384056
038070,서린바이오,KOSDAQ,유통,106061240440
038110,에코플라스틱,KOSDAQ,운송장비·부품,225176148300
038290,마크로젠,KOSDAQ,기타서비스,217912140000
038340,MIT,KOSDAQ,일반전기전자,30964113876
038390,레드캡투어,KOSDAQ,기타서비스,151003058400
038460,바이오스마트,KOSDAQ,정보기기,69233149620
038500,삼표시멘트,KOSDAQ,비금속,396592424550
038530,골드퍼시픽,KOSDAQ,유통,46008215500
038540,상상인,KOSDAQ,컴퓨터서비스,303199155240
038620,위즈코프,KOSDAQ,유통,56830681110
038680,에스넷,KOSDAQ,컴퓨터서비스,100508666500
038870,에코바이오,KOSDAQ,기타서비스,84753344660
038880,아이에이,KOSDAQ,반도체,187767948550
038950,파인디지털,KOSDAQ,통신장비,53810731550
039010,현대에이치티,KOSDAQ,통신장비,65895000000
039020,이건홀딩스,KOSDAQ,종이·목재,68770438905
039030,이오테크닉스,KOSDAQ,반도체,1134630555000
039130,하나투어,KOSPI,서비스업,846868968000
039200,오스코텍,KOSDAQ,제약,928513430550
039240,경남스틸,KOSDAQ,금속,89302489240
039290,인포뱅크,KOSDAQ,통신서비스,113717232240
039310,세중,KOSDAQ,소프트웨어,45485384170
039340,한국경제TV,KOSDAQ,방송서비스,131100000000
039420,케이엘넷,KOSDAQ,통신서비스,65338544650
039440,에스티아이,KOSDAQ,반도체,203732100000
039490,키움증권,KOSPI,증권,2501341540200
039560,다산네트웍스,KOSDAQ,통신장비,135307984925
039570,HDC랩스,KOSPI,건설업,223494944610
039610,화성밸브,KOSDAQ,기계·장비,65065000000
039740,한국정보공학,KOSDAQ,유통,30870828450
039830,오로라,KOSDAQ,기타서비스,82981881900
039840,디오,KOSDAQ,의료·정밀기기,475658562250
039860,나노엔텍,KOSDAQ,의료·정밀기기,135914668890
039980,리노스,KOSDAQ,컴퓨터서비스,42684068196
040160,누리플렉스,KOSDAQ,소프트웨어,80530973800
040300,YTN,KOSDAQ,방송서비스,267540000000
040350,큐로컴,KOSDAQ,컴퓨터서비스,68151648352
040420,정상제이엘에스,KOSDAQ,기타서비스,113819027520
040610,SG&G,KOSDAQ,운송,58527715532
040910,아이씨디,KOSDAQ,반도체,242263190430
041020,폴라리스오피스,KOSDAQ,소프트웨어,121330215120
041190,우리기술투자,KOSDAQ,금융,341880000000
041440,현대에버다임,KOSDAQ,기계·장비,140640160400
041460,한국전자인증,KOSDAQ,소프트웨어,97280000000
041510,에스엠,KOSDAQ,오락·문화,2428368811900
041520,이라이콤,KOSDAQ,IT부품,68866324500
041590,플래스크,KOSDAQ,건설,141654437823
041650,상신브레이크,KOSPI,운수장비,84812227500
041830,인바디,KOSDAQ,의료·정밀기기,376304005000
041910,에스텍파마,KOSDAQ,제약,90545781430
041920,메디아나,KOSDAQ,의료·정밀기기,78640000000
041930,동아화성,KOSDAQ,화학,153576000000
041960,코미팜,KOSDAQ,제약,494231245200
042000,카페24,KOSDAQ,인터넷,200000090220
042040,케이피엠테크,KOSDAQ,화학,94564318182
042110,에스씨디,KOSDAQ,일반전기전자,83755134412
042370,비츠로테크,KOSDAQ,금융,213792204000
042420,네오위즈홀딩스,KOSDAQ,디지털컨텐츠,243120971700
042500,링네트,KOSDAQ,컴퓨터서비스,76016546100
042510,라온시큐어,KOSDAQ,소프트웨어,90286851910
042520,한스바이오메드,KOSDAQ,제약,165141952320
042600,새로닉스,KOSDAQ,IT부품,601922160300
042660,대우조선해양,KOSPI,운수장비,2929035263700
042670,HD현대인프라코어,KOSPI,기계,1992042460940
042700,한미반도체,KOSPI,기계,2501620061400
042940,상지카일룸,KOSDAQ,건설,54655974620
043090,엑서지21,KOSDAQ,유통,93086432722
043100,솔고바이오,KOSDAQ,의료·정밀기기,32061157464
043150,바텍,KOSDAQ,의료·정밀기기,528811513600
043200,파루,KOSDAQ,IT부품,35450059120
043220,티에스넥스젠,KOSDAQ,기계·장비,88889321403
043260,성호전자,KOSDAQ,IT부품,91857260480
043340,에쎈테크,KOSDAQ,기계·장비,65088000000
043360,디지아이,KOSDAQ,정보기기,28755000000
043370,피에이치에이,KOSDAQ,운송장비·부품,221970000000
043590,웰킵스하이텍,KOSDAQ,반도체,46646303400
043610,지니뮤직,KOSDAQ,디지털컨텐츠,230427711670
043650,국순당,KOSDAQ,음식료·담배,113578813440
043710,서울리거,KOSDAQ,유통,44877798720
043910,자연과환경,KOSDAQ,비금속,95132700964
044060,조광ILI,KOSDAQ,기계·장비,70075958688
044180,KD,KOSDAQ,건설,23752123311
044340,위닉스,KOSDAQ,일반전기전자,200539828500
044380,주연테크,KOSPI,전기전자,46293808808
044450,KSS해운,KOSPI,운수창고업,192767098000
044480,블레이드 Ent,KOSDAQ,화학,37243885536
044490,태웅,KOSDAQ,금속,290507172120
044780,에이치케이,KOSDAQ,기계·장비,35623639975
044820,코스맥스비티아이,KOSPI,기타금융,84802622430
044960,이글벳,KOSDAQ,유통,74966366190
045060,오공,KOSDAQ,화학,56586193160
045100,한양이엔지,KOSDAQ,기타서비스,280620000000
045300,성우테크론,KOSDAQ,반도체,46511257280
045340,토탈소프트,KOSDAQ,소프트웨어,41206962600
045390,대아티아이,KOSDAQ,일반전기전자,228333741480
045510,정원엔시스,KOSDAQ,컴퓨터서비스,42645102608
045520,크린앤사이언스,KOSDAQ,기계·장비,52585000000
045660,에이텍,KOSDAQ,정보기기,80452400000
045970,코아시아,KOSDAQ,IT부품,256570041000
046070,코다코,KOSDAQ,운송장비·부품,60286933905
046120,오르비텍,KOSDAQ,기타서비스,108275296000
046140,SBS콘텐츠허브,KOSDAQ,오락·문화,138225294200
046210,파나진,KOSDAQ,의료·정밀기기,105247561500
046310,백금T&A,KOSDAQ,통신장비,53196396840
046390,삼화네트웍스,KOSDAQ,오락·문화,115055866445
046440,KG모빌리언스,KOSDAQ,소프트웨어,229070851200
046890,서울반도체,KOSDAQ,반도체,742227742000
046940,우원개발,KOSDAQ,건설,63712083750
046970,우리로,KOSDAQ,유통,44645140162
047040,대우건설,KOSPI,건설업,1774708664260
047050,포스코인터내셔널,KOSPI,유통업,5471198706800
047080,한빛소프트,KOSDAQ,디지털컨텐츠,74218862380
047310,파워로직스,KOSDAQ,IT부품,230276369580
047400,유니온머티리얼,KOSPI,비금속광물,206220000000
047560,이스트소프트,KOSDAQ,소프트웨어,172629017440
047770,코데즈컴바인,KOSDAQ,섬유·의류,87416410620
047810,한국항공우주,KOSPI,운수장비,5244160756600
047820,초록뱀미디어,KOSDAQ,오락·문화,152423168040
047920,HLB제약,KOSDAQ,기타서비스,444405060720
048260,오스템임플란트,KOSDAQ,의료·정밀기기,2928379744000
048410,현대바이오,KOSDAQ,화학,923325385600
048430,유라테크,KOSDAQ,일반전기전자,110592000000
048470,대동스틸,KOSDAQ,금속,41800000000
048530,인트론바이오,KOSDAQ,제약,258179760720
048550,SM C&C,KOSDAQ,방송서비스,274800313900
048770,TPC,KOSDAQ,기계·장비,57847096835
048830,엔피케이,KOSDAQ,화학,36006103929
048870,시너지이노베이션,KOSDAQ,의료·정밀기기,204289609680
048910,대원미디어,KOSDAQ,유통,213213134700
049070,인탑스,KOSDAQ,IT부품,604580000000
049080,기가레인,KOSDAQ,반도체,146423773575
049120,파인디앤씨,KOSDAQ,IT부품,45303026272
049180,셀루메드,KOSDAQ,제약,184488364750
049430,코메론,KOSDAQ,의료·정밀기기,85322640000
049470,SGA,KOSDAQ,소프트웨어,41733334541
049480,오픈베이스,KOSDAQ,컴퓨터서비스,93638701340
049520,유아이엘,KOSDAQ,IT부품,92694902680
049550,잉크테크,KOSDAQ,화학,97737290845
049630,재영솔루텍,KOSDAQ,IT부품,58554158784
049720,고려신용정보,KOSDAQ,기타서비스,143858000000
049770,동원F&B,KOSPI,음식료품,608776811000
049800,우진플라임,KOSPI,기계,69700000000
049830,승일,KOSDAQ,금속,67698516480
049950,미래컴퍼니,KOSDAQ,기계·장비,291871960400
049960,쎌바이오텍,KOSDAQ,제약,131506000000
050090,비케이홀딩스,KOSDAQ,IT부품,29459470415
050110,캠시스,KOSDAQ,IT부품,126239241780
050120,ES큐브,KOSDAQ,유통,63479922480
050760,에스폴리텍,KOSDAQ,화학,42960203140
050860,아세아텍,KOSDAQ,기계·장비,63450000000
050890,쏠리드,KOSDAQ,통신장비,342228967600
050960,수산아이앤티,KOSDAQ,출판·매체복제,73923450000
051160,지어소프트,KOSDAQ,소프트웨어,108011521400
051360,토비스,KOSDAQ,정보기기,208660807180
051370,인터플렉스,KOSDAQ,IT부품,284595158400
051380,피씨디렉트,KOSDAQ,유통,60209782600
051390,YW,KOSDAQ,유통,45137587800
051490,나라엠앤디,KOSDAQ,기계·장비,116724000000
051500,CJ프레시웨이,KOSDAQ,유통,345463152600
051600,한전KPS,KOSPI,건설업,1536750000000
051630,진양화학,KOSPI,화학,51982000000
051780,큐로홀딩스,KOSDAQ,유통,54372610650
051900,LG생활건강,KOSPI,화학,8324499001000
051905,LG생활건강우,KOSPI,화학,496578340500
051910,LG화학,KOSPI,화학,50897079303000
051915,LG화학우,KOSPI,화학,2914055200000
051980,중앙디앤엠,KOSDAQ,화학,346003137720
052020,에스티큐브,KOSDAQ,IT부품,911223684690
052220,iMBC,KOSDAQ,디지털컨텐츠,80040000000
052260,현대바이오랜드,KOSDAQ,화학,179100000000
052300,초록뱀컴퍼니,KOSDAQ,유통,50901463470
052330,코텍,KOSDAQ,정보기기,142039914240
052400,코나아이,KOSDAQ,소프트웨어,253499983100
052420,오성첨단소재,KOSDAQ,IT부품,119828439036
052460,아이크래프트,KOSDAQ,컴퓨터서비스,61353331200
052600,한네트,KOSDAQ,통신서비스,66838186000
052670,제일바이오,KOSDAQ,제약,60588453120
052690,한전기술,KOSPI,서비스업,2595138000000
052710,아모텍,KOSDAQ,IT부품,184588826670
052770,아이톡시,KOSDAQ,유통,43238700674
052790,액토즈소프트,KOSDAQ,디지털컨텐츠,77614870300
052860,아이앤씨,KOSDAQ,반도체,49837362660
052900,KX하이텍,KOSDAQ,반도체,83047028119
053030,바이넥스,KOSDAQ,제약,344607370800
053050,지에스이,KOSDAQ,전기·가스·수도,118001194195
053060,세동,KOSDAQ,운송장비·부품,36169918780
053080,원방테크,KOSDAQ,기계·장비,129738073860
053160,프리엠스,KOSDAQ,일반전기전자,54420000000
053210,스카이라이프,KOSPI,서비스업,324232929480
053260,금강철강,KOSDAQ,금속,123552000000
053270,구영테크,KOSDAQ,운송장비·부품,95647032810
053280,예스24,KOSDAQ,인터넷,139000000000
053290,NE능률,KOSDAQ,출판·매체복제,79574168205
053300,한국정보인증,KOSDAQ,소프트웨어,223085607540
053350,이니텍,KOSDAQ,소프트웨어,77481436140
053450,세코닉스,KOSDAQ,의료·정밀기기,116863143700
053580,웹케시,KOSDAQ,금융,178634848800
053590,한국테크놀로지,KOSDAQ,유통,52484809098
053610,프로텍,KOSDAQ,반도체,304150000000
053620,태양,KOSDAQ,금속,71036000000
053690,한미글로벌,KOSPI,서비스업,333657397500
053700,삼보모터스,KOSDAQ,운송장비·부품,136799823820
053800,안랩,KOSDAQ,소프트웨어,639885334500
053950,경남제약,KOSDAQ,제약,61342132476
053980,오상자이엘,KOSDAQ,소프트웨어,106487292000
054040,한국컴퓨터,KOSDAQ,IT부품,72240448550
054050,농우바이오,KOSDAQ,"농업, 임업 및 어업",139465880700
054090,삼진엘앤디,KOSDAQ,IT부품,69761053440
054180,메디콕스,KOSDAQ,운송장비·부품,49690604600
054210,이랜텍,KOSDAQ,IT부품,313105179800
054220,비츠로시스,KOSDAQ,일반전기전자,35346470681
054300,팬스타엔터프라이즈,KOSDAQ,기계·장비,46532076816
054410,케이피티유,KOSDAQ,금속,30613000000
054450,텔레칩스,KOSDAQ,반도체,254369424740
054540,삼영엠텍,KOSDAQ,금속,53560000000
054620,APS,KOSDAQ,금융,223928546580
054630,에이디칩스,KOSDAQ,기타제조,39775021039
054670,대한뉴팜,KOSDAQ,제약,132926559200
054780,키이스트,KOSDAQ,오락·문화,154232086770
054800,아이디스홀딩스,KOSDAQ,기타서비스,139073840640
054920,한컴위드,KOSDAQ,소프트웨어,120769106680
054930,유신,KOSDAQ,기타서비스,96600000000
054940,엑사이엔씨,KOSDAQ,건설,37519282788
054950,제이브이엠,KOSDAQ,기계·장비,298015837800
055490,테이팩스,KOSPI,화학,241531815000
055550,신한지주,KOSPI,기타금융,18264534445050
056080,유진로봇,KOSDAQ,기계·장비,223947547440
056090,이노시스,KOSDAQ,의료·정밀기기,93078496760
056190,에스에프에이,KOSDAQ,기계·장비,1436350400000
056360,코위버,KOSDAQ,통신장비,67989792000
056700,신화인터텍,KOSDAQ,IT부품,92649589380
056730,CNT85,KOSDAQ,건설,65595129600
057030,YBM넷,KOSDAQ,기타서비스,76669675900
057050,현대홈쇼핑,KOSPI,유통업,558600000000
057540,옴니시스템,KOSDAQ,의료·정밀기기,72507443155
057680,티사이언티픽,KOSDAQ,디지털컨텐츠,215485669375
057880,피에이치씨,KOSDAQ,유통,206724832500
058110,멕아이씨에스,KOSDAQ,의료·정밀기기,67572731300
058220,아리온,KOSDAQ,통신장비,10717917100
058400,KNN,KOSDAQ,방송서비스,122629920720
058430,포스코스틸리온,KOSPI,철강금속,265200000000
058450,엔터파트너즈,KOSDAQ,화학,42274000016
058470,리노공업,KOSDAQ,반도체,1990653522000
058530,파나케이아,KOSDAQ,기계·장비,32527053360
058610,에스피지,KOSDAQ,IT부품,779534204000
058630,엠게임,KOSDAQ,디지털컨텐츠,158109964930
058650,세아홀딩스,KOSPI,철강금속,454000000000
058730,다스코,KOSPI,기계,90001806240
058820,CMG제약,KOSDAQ,제약,320841083640
058850,KTcs,KOSPI,서비스업,146409550000
058860,KTis,KOSPI,서비스업,114846600000
058970,엠로,KOSDAQ,소프트웨어,577424180000
059090,미코,KOSDAQ,반도체,298745995320
059100,아이컴포넌트,KOSDAQ,IT부품,57061840200
059120,아진엑스텍,KOSDAQ,반도체,98168361720
059210,메타바이오메드,KOSDAQ,제약,97597015590
059270,해성티피씨,KOSDAQ,금속,82271162080
060150,인선이엔티,KOSDAQ,기타서비스,400447063200
060230,소니드,KOSDAQ,화학,167747421640
060240,룽투코리아,KOSDAQ,디지털컨텐츠,52511471460
060250,NHN KCP,KOSDAQ,소프트웨어,444176357660
060260,뉴보텍,KOSDAQ,화학,39689842975
060280,큐렉소,KOSDAQ,유통,498434398300
060310,3S,KOSDAQ,기계·장비,139542845750
060370,KT서브마린,KOSDAQ,건설,186236505760
060380,동양에스텍,KOSDAQ,금속,45310000000
060480,국일신동,KOSDAQ,금속,32660050000
060540,에스에이티,KOSDAQ,통신장비,66378597240
060560,홈센타홀딩스,KOSDAQ,유통,173375214950
060570,드림어스컴퍼니,KOSDAQ,디지털컨텐츠,193039180565
060590,씨티씨바이오,KOSDAQ,제약,254142520200
060720,KH바텍,KOSDAQ,IT부품,510248875100
060850,영림원소프트랩,KOSDAQ,소프트웨어,72284590000
060900,DGP,KOSDAQ,전기·가스·수도,140202065640
060980,HL홀딩스,KOSPI,기타금융,365081819000
061040,알에프텍,KOSDAQ,통신장비,141192739600
061250,화일약품,KOSDAQ,제약,152360171540
061970,LB세미콘,KOSDAQ,반도체,360785038080
062860,티엘아이,KOSDAQ,반도체,57261776000
062970,피피아이,KOSDAQ,일반전기전자,29134619050
063080,컴투스홀딩스,KOSDAQ,디지털컨텐츠,303378832000
063160,종근당바이오,KOSPI,의약품,147298079700
063170,서울옥션,KOSDAQ,유통,229999014980
063440,SM Life Design,KOSDAQ,출판·매체복제,97121514940
063570,한국전자금융,KOSDAQ,기타서비스,225375004800
063760,이엘피,KOSDAQ,반도체,38186407350
064090,웨스트라이즈,KOSDAQ,유통,64455518290
064240,홈캐스트,KOSDAQ,통신장비,218286814760
064260,다날,KOSDAQ,디지털컨텐츠,302341540400
064290,인텍플러스,KOSDAQ,반도체,251126253300
064350,현대로템,KOSPI,운수장비,3481639146700
064480,브리지텍,KOSDAQ,컴퓨터서비스,114265900000
064520,테크엘,KOSDAQ,반도체,79461444580
064550,바이오니아,KOSDAQ,제약,1362783364800
064760,티씨케이,KOSDAQ,반도체,1229377500000
064800,젬백스링크,KOSDAQ,유통,109959964621
064820,케이프,KOSDAQ,운송장비·부품,135349568640
064850,에프앤가이드,KOSDAQ,기타서비스,107512000000
064960,SNT모티브,KOSPI,운수장비,767714640000
065060,지엔코,KOSDAQ,섬유·의류,44789676108
065130,탑엔지니어링,KOSDAQ,기계·장비,96496592280
065150,DSEN,KOSDAQ,유통,46980901875
065170,비엘팜텍,KOSDAQ,유통,53649247077
065350,신성델타테크,KOSDAQ,일반전기전자,320737673160
065370,위세아이텍,KOSDAQ,출판·매체복제,114451287000
065420,에스아이리소스,KOSDAQ,화학,30849815869
065440,이루온,KOSDAQ,소프트웨어,61777920300
065450,빅텍,KOSDAQ,의료·정밀기기,147561920000
065500,오리엔트정공,KOSDAQ,운송장비·부품,46249422784
065510,휴비츠,KOSDAQ,의료·정밀기기,217539400260
065530,와이어블,KOSDAQ,통신서비스,113649000000
065560,녹원씨엔아이,KOSDAQ,출판·매체복제,150366921250
065570,삼영이엔씨,KOSDAQ,통신장비,41071208050
065650,메디프론,KOSDAQ,유통,75222650841
065660,안트로젠,KOSDAQ,유통,182365930020
065680,우주일렉트로,KOSDAQ,IT부품,138280300000
065690,파커스,KOSDAQ,IT부품,25499535765
065710,서호전기,KOSDAQ,일반전기전자,94811500000
065770,CS,KOSDAQ,통신장비,31116041390
065950,웰크론,KOSDAQ,섬유·의류,84976219020
066130,하츠,KOSDAQ,일반전기전자,75648000000
066310,큐에스아이,KOSDAQ,반도체,96795723240
066360,체리부로,KOSDAQ,음식료·담배,58216644810
066410,버킷스튜디오,KOSDAQ,통신서비스,96978744678
066430,와이오엠,KOSDAQ,유통,41121442460
066570,LG전자,KOSPI,전기전자,20145045903400
066575,LG전자우,KOSPI,전기전자,916013373600
066590,우수AMS,KOSDAQ,운송장비·부품,137928057120
066620,국보디자인,KOSDAQ,건설,127125000000
066670,디스플레이텍,KOSDAQ,IT부품,148600748100
066700,테라젠이텍스,KOSDAQ,제약,175686693350
066790,씨씨에스,KOSDAQ,방송서비스,33334908320
066900,디에이피,KOSDAQ,IT부품,70735404330
066910,손오공,KOSDAQ,유통,57080509500
066970,엘앤에프,KOSDAQ,일반전기전자,9676020192000
066980,이엔코퍼레이션,KOSDAQ,디지털컨텐츠,155707065955
067000,조이시티,KOSDAQ,디지털컨텐츠,284737861950
067010,이씨에스,KOSDAQ,정보기기,44258400000
067080,대화제약,KOSDAQ,제약,184677168000
067160,아프리카TV,KOSDAQ,소프트웨어,865555955100
067170,오텍,KOSDAQ,운송장비·부품,91580049750
067280,멀티캠퍼스,KOSDAQ,디지털컨텐츠,205066553400
067290,JW신약,KOSDAQ,제약,153756286975
067310,하나마이크론,KOSDAQ,반도체,807004021360
067370,선바이오,KOSDAQ,제약,144930542350
067390,아스트,KOSDAQ,운송장비·부품,150747187190
067570,엔브이에이치코리아,KOSDAQ,운송장비·부품,123913287800
067630,HLB생명과학,KOSDAQ,제약,1168340596920
067730,로지시스,KOSDAQ,컴퓨터서비스,40775581230
067770,세진티에스,KOSDAQ,IT부품,30899462240
067830,세이브존I&C,KOSPI,유통업,114914506000
067900,와이엔텍,KOSDAQ,기타서비스,152149149240
067920,이글루,KOSDAQ,소프트웨어,72024579450
067990,도이치모터스,KOSDAQ,유통,187940252000
068050,팬엔터테인먼트,KOSDAQ,오락·문화,143178372920
068240,다원시스,KOSDAQ,IT부품,522860048620
068270,셀트리온,KOSPI,의약품,25398814557000
068290,삼성출판사,KOSPI,서비스업,221000000000
068330,일신바이오,KOSDAQ,기계·장비,101033879900
068400,SK렌터카,KOSPI,서비스업,455835497600
068760,셀트리온제약,KOSDAQ,제약,3445997616000
068790,DMS,KOSDAQ,기계·장비,149404210880
068930,디지털대성,KOSDAQ,기타서비스,174816101610
068940,셀피글로벌,KOSDAQ,정보기기,29766744466
069080,웹젠,KOSDAQ,디지털컨텐츠,519776212480
069110,코스온,KOSDAQ,화학,62963935800
069140,누리플랜,KOSDAQ,금속,37360428180
069260,TKG휴켐스,KOSPI,화학,938163594600
069330,유아이디,KOSDAQ,IT부품,22350968325
069410,엔텔스,KOSDAQ,소프트웨어,65259528880
069460,대호에이엘,KOSPI,철강금속,90725060160
069510,에스텍,KOSDAQ,일반전기전자,87825500000
069540,라이트론,KOSDAQ,통신장비,87418498340
069620,대웅제약,KOSPI,의약품,1316234920000
069640,한세엠케이,KOSPI,유통업,92276428630
069730,DSR제강,KOSPI,철강금속,72288000000
069920,아이에스이커머스,KOSDAQ,유통,115702101760
069960,현대백화점,KOSPI,유통업,1188844002800
070300,엑스큐어,KOSDAQ,소프트웨어,23166302730
070590,한솔인티큐브,KOSDAQ,컴퓨터서비스,24955378758
070960,용평리조트,KOSPI,서비스업,149213332300
071050,한국금융지주,KOSPI,기타금융,3092792556000
071055,한국금융지주우,KOSPI,기타금융,243703241600
071090,하이스틸,KOSPI,철강금속,79352481030
071200,인피니트헬스케어,KOSDAQ,소프트웨어,135888271060
071280,로체시스템즈,KOSDAQ,반도체,117171978980
071320,지역난방공사,KOSPI,전기가스업,311468213600
071460,위니아,KOSDAQ,일반전기전자,77509520725
071670,에이테크솔루션,KOSDAQ,기계·장비,113200000000
071840,롯데하이마트,KOSPI,유통업,271016533760
071850,캐스텍코리아,KOSDAQ,운송장비·부품,41091586240
071950,코아스,KOSPI,기타제조업,22160469570
071970,STX중공업,KOSPI,기계,169031800480
072020,중앙백신,KOSDAQ,제약,116332800000
072130,유엔젤,KOSPI,서비스업,54365270480
072470,우리산업홀딩스,KOSDAQ,운송장비·부품,85181907910
072520,제넨바이오,KOSDAQ,유통,40528704546
072710,농심홀딩스,KOSPI,기타금융,337631112000
072770,율호,KOSDAQ,소프트웨어,166776439320
072870,메가스터디,KOSDAQ,출판·매체복제,134945255880
072950,빛샘전자,KOSDAQ,반도체,41390415400
072990,에이치시티,KOSDAQ,기타서비스,54137735550
073010,케이에스피,KOSDAQ,기계·장비,72131168201
073110,엘엠에스,KOSDAQ,IT부품,67340865350
073190,듀오백,KOSDAQ,기타제조,26868249800
073240,금호타이어,KOSPI,화학,1360177458945
073490,이노와이어리스,KOSDAQ,통신장비,207204803500
073540,에프알텍,KOSDAQ,통신장비,31464000000
073560,우리손에프앤지,KOSDAQ,음식료·담배,130512957055
073570,어반리튬,KOSDAQ,기타제조,633633393750
073640,테라사이언스,KOSDAQ,금속,326603197000
074430,아미노로직스,KOSDAQ,유통,145353426820
074600,원익QnC,KOSDAQ,비금속,684802400000
074610,이엔플러스,KOSPI,기계,765874385920
075130,플랜티넷,KOSDAQ,컴퓨터서비스,42386916000
075180,새론오토모티브,KOSPI,운수장비,86496000000
075580,세진중공업,KOSPI,운수장비,357014583680
075970,동국알앤에스,KOSDAQ,비금속,81144000000
076080,웰크론한텍,KOSDAQ,건설,114552370920
076610,해성옵틱스,KOSDAQ,IT부품,64778390946
077360,덕산하이메탈,KOSDAQ,일반전기전자,295794883020
077500,유니퀘스트,KOSPI,유통업,296812328750
077970,STX엔진,KOSPI,기계,311770649200
078000,텔코웨어,KOSPI,서비스업,88876786960
078020,이베스트투자증권,KOSDAQ,금융,251052384750
078070,유비쿼스홀딩스,KOSDAQ,금융,247356388440
078130,국일제지,KOSDAQ,종이·목재,102093978400
078140,대봉엘에스,KOSDAQ,제약,87140510940
078150,HB테크놀러지,KOSDAQ,기계·장비,216038815110
078160,메디포스트,KOSDAQ,제약,238595725980
078340,컴투스,KOSDAQ,디지털컨텐츠,859476856000
078350,한양디지텍,KOSDAQ,반도체,214488454740
078520,에이블씨엔씨,KOSPI,화학,224242067820
078590,디아크,KOSDAQ,운송장비·부품,316556560040
078600,대주전자재료,KOSDAQ,IT부품,1512453936100
078650,지나인제약,KOSDAQ,의료·정밀기기,8647007240
078860,아이오케이,KOSDAQ,오락·문화,29126321016
078890,가온그룹,KOSDAQ,통신장비,121007857370
078930,GS,KOSPI,기타금융,3600470897500
078935,GS우,KOSPI,기타금융,61933462200
078940,코드네이처,KOSDAQ,유통,55187712800
079000,와토스코리아,KOSDAQ,화학,39312000000
079160,CJ CGV,KOSPI,서비스업,771279405760
079170,한창산업,KOSDAQ,금속,69784000000
079190,케스피온,KOSDAQ,통신장비,43150579398
079370,제우스,KOSDAQ,기계·장비,332288000000
079430,현대리바트,KOSPI,기타제조업,166130431380
079550,LIG넥스원,KOSPI,기계,1764400000000
079650,서산,KOSDAQ,비금속,38420000000
079810,디이엔티,KOSDAQ,기계·장비,299386887800
079940,가비아,KOSDAQ,인터넷,168925336320
079950,인베니아,KOSDAQ,기계·장비,43291200000
079960,동양이엔피,KOSDAQ,IT부품,133934400000
079970,투비소프트,KOSDAQ,소프트웨어,81556558104
079980,휴비스,KOSPI,화학,160770000000
080000,에스엔유,KOSDAQ,기계·장비,149819327550
080010,이상네트웍스,KOSDAQ,인터넷,57700000000
080160,모두투어,KOSDAQ,기타서비스,323379000000
080220,제주반도체,KOSDAQ,반도체,179791588260
080420,모다이노칩,KOSDAQ,IT부품,268661866140
080470,성창오토텍,KOSDAQ,운송장비·부품,48180000000
080520,오디텍,KOSDAQ,반도체,67073137390
080530,코디,KOSDAQ,화학,38108378406
080580,오킨스전자,KOSDAQ,반도체,304260718580
080720,한국유니온제약,KOSDAQ,제약,45130286880
081000,일진다이아,KOSPI,화학,282213113250
081150,티플랙스,KOSDAQ,금속,98529712120
081580,성우전자,KOSDAQ,IT부품,44508370410
081660,휠라홀딩스,KOSPI,유통업,2241756991800
082210,옵트론텍,KOSDAQ,IT부품,75288130875
082270,젬백스,KOSDAQ,기계·장비,626168488760
082640,동양생명,KOSPI,보험,607515072525
082660,코스나인,KOSDAQ,화학,78386373102
082740,HSD엔진,KOSPI,기계,631733467020
082800,비보존 제약,KOSDAQ,제약,214542133530
082850,우리바이오,KOSDAQ,일반전기전자,137075515740
082920,비츠로셀,KOSDAQ,IT부품,401590646740
083310,엘오티베큠,KOSDAQ,반도체,309182172880
083420,그린케미칼,KOSPI,화학,239760000000
083450,GST,KOSDAQ,반도체,247852017000
083470,이엠앤아이,KOSDAQ,IT부품,77038587690
083500,에프엔에스테크,KOSDAQ,기계·장비,75991961900
083550,케이엠,KOSDAQ,섬유·의류,67928415530
083640,인콘,KOSDAQ,통신장비,42888095568
083650,비에이치아이,KOSDAQ,기계·장비,204620000000
083660,CSA 코스믹,KOSDAQ,화학,67895503153
083790,크리스탈지노믹스,KOSDAQ,기타서비스,367881727200
083930,아바코,KOSDAQ,기계·장비,274656060360
084010,대한제강,KOSPI,철강금속,323858084760
084110,휴온스글로벌,KOSDAQ,제약,258740586000
084180,수성샐바시온,KOSDAQ,기계·장비,101521390168
084370,유진테크,KOSDAQ,반도체,723001125100
084440,유비온,KOSDAQ,소프트웨어,29293220800
084650,랩지노믹스,KOSDAQ,기타서비스,228287969250
084670,동양고속,KOSPI,운수창고업,46329104000
084680,이월드,KOSPI,기타제조업,216679862904
084690,대상홀딩스,KOSPI,기타금융,263989402020
084695,대상홀딩스우,KOSPI,기타금융,8568461160
084730,팅크웨어,KOSDAQ,통신장비,154309899360
084850,아이티엠반도체,KOSDAQ,반도체,573751730200
084870,TBH글로벌,KOSPI,섬유의복,38585115150
084990,헬릭스미스,KOSDAQ,기타서비스,349410843600
085310,엔케이,KOSPI,기계,75344317584
085370,루트로닉,KOSDAQ,의료·정밀기기,751497767600
08537M,루트로닉3우C,KOSDAQ,의료·정밀기기,6200428000
085620,미래에셋생명,KOSPI,보험,593004233150
085660,차바이오텍,KOSDAQ,제약,867094780380
085670,뉴프렉스,KOSDAQ,IT부품,175067448760
085810,알티캐스트,KOSDAQ,소프트웨어,57293534170
085910,네오티스,KOSDAQ,운송장비·부품,60431497660
086040,바이오톡스텍,KOSDAQ,기타서비스,121627367740
086060,진바이오텍,KOSDAQ,유통,38962906175
086280,현대글로비스,KOSPI,운수창고업,6401250000000
086390,유니테스트,KOSDAQ,반도체,303486049360
086450,동국제약,KOSDAQ,제약,698466600000
086520,에코프로,KOSDAQ,금융,15097887756000
086670,비엠티,KOSDAQ,기계·장비,132953785180
086710,선진뷰티사이언스,KOSDAQ,화학,105924470400
086790,하나금융지주,KOSPI,기타금융,12324379775400
086820,바이오솔루션,KOSDAQ,제약,104398721320
086890,이수앱지스,KOSDAQ,제약,237256076200
086900,메디톡스,KOSDAQ,제약,1915813725000
086960,MDS테크,KOSDAQ,소프트웨어,223056306200
086980,쇼박스,KOSDAQ,오락·문화,228941890000
087010,펩트론,KOSDAQ,제약,165014824000
087260,모바일어플라이언스,KOSDAQ,소프트웨어,106610619775
087600,픽셀플러스,KOSDAQ,반도체,61249185000
088130,동아엘텍,KOSDAQ,기계·장비,101084652240
088260,이리츠코크렙,KOSPI,서비스업,343311417800
088290,이원컴포텍,KOSDAQ,운송장비·부품,102360174885
088350,한화생명,KOSPI,보험,2245150050000
088390,이녹스,KOSDAQ,운송장비·부품,338828968400
088790,진도,KOSPI,유통업,33982341120
088800,에이스테크,KOSDAQ,통신장비,183747638570
088910,동우팜투테이블,KOSDAQ,음식료·담배,77236974360
088980,맥쿼리인프라,KOSPI,기타금융,5384445775100
089010,켐트로닉스,KOSDAQ,화학,371453925000
089030,테크윙,KOSDAQ,반도체,265584415950
089140,넥스턴바이오,KOSDAQ,기계·장비,88717131100
089150,케이씨티,KOSDAQ,컴퓨터서비스,67399500000
089230,THE E&M,KOSDAQ,인터넷,53841436540
089470,HDC현대EP,KOSPI,화학,160776000000
089530,에이티세미콘,KOSDAQ,반도체,43367041800
089590,제주항공,KOSPI,운수창고업,1014777110980
089600,나스미디어,KOSDAQ,기타서비스,246401871900
089790,제이티,KOSDAQ,반도체,89641807970
089850,유비벨록스,KOSDAQ,소프트웨어,92165232240
089860,롯데렌탈,KOSPI,서비스업,1042239092350
089890,코세스,KOSDAQ,반도체,173312852900
089970,에이피티씨,KOSDAQ,기계·장비,328294345550
089980,상아프론테크,KOSDAQ,화학,486866176650
090080,평화산업,KOSPI,운수장비,94376983221
090150,아이윈,KOSDAQ,운송장비·부품,67293595851
090350,노루페인트,KOSPI,화학,171600000000
090355,노루페인트우,KOSPI,화학,6279988560
090360,로보스타,KOSDAQ,기계·장비,314437500000
090370,메타랩스,KOSPI,섬유의복,62759816280
090410,덕신하우징,KOSDAQ,금속,91016087625
090430,아모레퍼시픽,KOSPI,화학,6112493315500
090435,아모레퍼시픽우,KOSPI,화학,356854654000
090460,비에이치,KOSDAQ,IT부품,901243510850
090470,제이스텍,KOSDAQ,반도체,138348232070
090710,휴림로봇,KOSDAQ,기계·장비,341472330330
090850,현대이지웰,KOSDAQ,기타서비스,160050473140
091090,세원이앤씨,KOSPI,기계,54838924358
091120,이엠텍,KOSDAQ,IT부품,460019331600
091340,S&K폴리텍,KOSDAQ,IT부품,48804516570
091440,텔레필드,KOSDAQ,통신장비,25185452940
091580,상신이디피,KOSDAQ,IT부품,266567963640
091590,남화토건,KOSDAQ,건설,116813000000
091700,파트론,KOSDAQ,IT부품,553831211600
091810,티웨이항공,KOSPI,운수창고업,590268359940
091970,나노캠텍,KOSDAQ,화학,35658870829
091990,셀트리온헬스케어,KOSDAQ,유통,12614075097000
092040,아미코젠,KOSDAQ,음식료·담배,393711330440
092070,디엔에프,KOSDAQ,화학,193134310020
092130,이크레더블,KOSDAQ,기타서비스,191734112000
092190,서울바이오시스,KOSDAQ,IT부품,225137316170
092200,디아이씨,KOSPI,운수장비,221664843300
092220,KEC,KOSPI,전기전자,309069306035
092230,KPX홀딩스,KOSPI,화학,216301875200
092300,현우산업,KOSDAQ,IT부품,107181963840
092440,기신정기,KOSPI,기계,99864000000
092460,한라IMS,KOSDAQ,운송장비·부품,117156155550
092600,앤씨앤,KOSDAQ,반도체,44447992124
092730,네오팜,KOSDAQ,화학,162916115850
092780,동양피스톤,KOSPI,운수장비,65644773100
092870,엑시콘,KOSDAQ,반도체,120204670760
093050,LF,KOSPI,섬유의복,480413200000
093190,빅솔론,KOSDAQ,정보기기,126399605850
093230,이아이디,KOSPI,유통업,339310256256
093240,형지엘리트,KOSPI,섬유의복,47043744980
093320,케이아이엔엑스,KOSDAQ,인터넷,305000000000
093370,후성,KOSPI,화학,1299228472080
093380,풍강,KOSDAQ,금속,40702769560
093520,매커스,KOSDAQ,유통,248911616800
093640,케이알엠,KOSDAQ,반도체,254156423400
093920,서원인텍,KOSDAQ,IT부품,118854000000
094170,동운아나텍,KOSDAQ,반도체,150748932600
094280,효성ITX,KOSPI,서비스업,149794272000
094360,칩스앤미디어,KOSDAQ,반도체,266554709750
094480,갤럭시아머니트리,KOSDAQ,소프트웨어,240086608560
094800,맵스리얼티1,KOSPI,기타금융,401972653230
094820,일진파워,KOSDAQ,건설,219546003040
094840,슈프리마에이치큐,KOSDAQ,컴퓨터서비스,77805771200
094850,참좋은여행,KOSDAQ,기타서비스,133420000000
094860,네오리진,KOSDAQ,소프트웨어,55363680750
094940,푸른기술,KOSDAQ,정보기기,72911285920
094970,제이엠티,KOSDAQ,IT부품,60461146400
095190,이엠코리아,KOSDAQ,금속,119439808785
095270,웨이브일렉트로,KOSDAQ,IT부품,96115463520
095340,ISC,KOSDAQ,반도체,880413232600
095500,미래나노텍,KOSDAQ,IT부품,795406474350
095570,AJ네트웍스,KOSPI,서비스업,207188655375
095610,테스,KOSDAQ,반도체,432924149400
095660,네오위즈,KOSDAQ,디지털컨텐츠,1085160660750
095700,제넥신,KOSDAQ,기타서비스,527184543800
095720,웅진씽크빅,KOSPI,서비스업,347095484925
095910,에스에너지,KOSDAQ,IT부품,54515085885
096040,이트론,KOSDAQ,정보기기,191361580945
096240,크레버스,KOSDAQ,기타서비스,226257774400
096350,대창솔루션,KOSDAQ,금속,77786479275
096530,씨젠,KOSDAQ,제약,1279536853000
096610,알에프세미,KOSDAQ,반도체,253844328850
096630,에스코넥,KOSDAQ,IT부품,107487248823
096640,멜파스,KOSDAQ,IT부품,69543906185
096690,에이루트,KOSDAQ,정보기기,81135909792
096760,JW홀딩스,KOSPI,기타금융,240727087880
096770,SK이노베이션,KOSPI,화학,18308181672000
096775,SK이노베이션우,KOSPI,화학,154180611000
096870,엘디티,KOSDAQ,반도체,24342768000
097230,HJ중공업,KOSPI,건설업,308531211105
097520,엠씨넥스,KOSPI,전기전자,583377403400
097780,에스맥,KOSDAQ,운송장비·부품,74711832558
097800,윈팩,KOSDAQ,반도체,107490430784
097870,효성오앤비,KOSDAQ,화학,75900600000
097950,CJ제일제당,KOSPI,음식료품,4824866613000
097955,CJ제일제당 우,KOSPI,음식료품,199114950000
098120,마이크로컨텍솔,KOSDAQ,반도체,64091425860
098460,고영,KOSDAQ,기계·장비,960480022450
098660,에스티오,KOSDAQ,섬유·의류,32877566880
099190,아이센스,KOSDAQ,의료·정밀기기,482670508420
099220,SDN,KOSDAQ,유통,117118225935
099320,쎄트렉아이,KOSDAQ,통신장비,301187872050
099390,브레인즈컴퍼니,KOSDAQ,소프트웨어,76583280390
099410,동방선기,KOSDAQ,운송장비·부품,39336610810
099430,바이오플러스,KOSDAQ,제약,380605776480
099440,스맥,KOSDAQ,기계·장비,97723162000
099520,ITX-AI,KOSDAQ,통신장비,49626429228
099750,이지케어텍,KOSDAQ,소프트웨어,170185922400
100030,인지소프트,KOSDAQ,소프트웨어,71584965200
100090,SK오션플랜트,KOSPI,철강금속,1050859136880
100120,뷰웍스,KOSDAQ,의료·정밀기기,332562011250
100130,동국S&C,KOSDAQ,금속,244572040000
100220,비상교육,KOSPI,서비스업,69272629530
100250,진양홀딩스,KOSPI,화학,183616034220
100590,머큐리,KOSDAQ,일반전기전자,88631890560
100660,서암기계공업,KOSDAQ,기계·장비,72576000000
100700,세운메디칼,KOSDAQ,제약,126144000000
100790,미래에셋벤처투자,KOSDAQ,금융,282753567000
100840,SNT에너지,KOSPI,기계,167024319750
101000,상상인인더스트리,KOSDAQ,기계·장비,37540116552
101140,인바이오젠,KOSPI,유통업,65792982110
101160,월덱스,KOSDAQ,반도체,449099009600
101170,우림피티에스,KOSDAQ,기계·장비,97065000000
101240,씨큐브,KOSDAQ,화학,80801326480
101330,모베이스,KOSDAQ,IT부품,90921323460
101360,에코앤드림,KOSDAQ,화학,437205338900
101390,아이엠,KOSDAQ,IT부품,99048101580
101400,엔시트론,KOSDAQ,반도체,38209360904
101490,에스앤에스텍,KOSDAQ,반도체,1162668427400
101530,해태제과식품,KOSPI,음식료품,176156773100
101670,하이드로리튬,KOSDAQ,금속,780550617450
101680,한국정밀기계,KOSDAQ,기계·장비,34330340000
101730,위메이드맥스,KOSDAQ,디지털컨텐츠,403538939040
101930,인화정공,KOSDAQ,운송장비·부품,101902218600
102120,어보브반도체,KOSDAQ,반도체,183497370960
102260,동성케미컬,KOSPI,서비스업,225839813760
102280,쌍방울,KOSPI,섬유의복,69061729927
102370,케이옥션,KOSDAQ,유통,135598933650
102460,이연제약,KOSPI,의약품,324514343310
102710,이엔에프테크놀로지,KOSDAQ,화학,325048269000
102940,코오롱생명과학,KOSDAQ,제약,357777360600
103140,풍산,KOSPI,철강금속,1129378403400
103230,에스앤더블류,KOSDAQ,기계·장비,34308000000
103590,일진전기,KOSPI,전기전자,286631414700
103840,우양,KOSDAQ,음식료·담배,52112990000
104040,대성파인텍,KOSDAQ,운송장비·부품,52711357204
104200,NHN벅스,KOSDAQ,디지털컨텐츠,88965300000
104460,디와이피엔에프,KOSDAQ,기계·장비,214808181250
104480,티케이케미칼,KOSDAQ,화학,221330381790
104540,코렌텍,KOSDAQ,의료·정밀기기,156658587460
104620,노랑풍선,KOSDAQ,기타서비스,126103322960
104700,한국철강,KOSPI,철강금속,278896500000
104830,원익머트리얼즈,KOSDAQ,반도체,344198400000
105330,케이엔더블유,KOSDAQ,운송장비·부품,141619907940
105550,트루윈,KOSDAQ,일반전기전자,101113088880
105560,KB금융,KOSPI,기타금융,19146600366400
105630,한세실업,KOSPI,섬유의복,627200000000
105740,디케이락,KOSDAQ,기계·장비,98450568720
105840,우진,KOSPI,의료정밀,183928706700
106080,하이소닉,KOSDAQ,IT부품,142465087040
106190,하이텍팜,KOSDAQ,제약,89743980120
106240,파인테크닉스,KOSDAQ,일반전기전자,35030725400
106520,노블엠앤비,KOSDAQ,의료·정밀기기,15082036272
107590,미원홀딩스,KOSPI,기타금융,230840000000
107600,새빗켐,KOSDAQ,화학,437052895500
108230,톱텍,KOSDAQ,기계·장비,342589437450
108320,LX세미콘,KOSPI,전기전자,1888285230000
108380,대양전기공업,KOSDAQ,운송장비·부품,109928656170
108490,로보티즈,KOSDAQ,소프트웨어,399501220650
108670,LX하우시스,KOSPI,화학,396819397500
108675,LX하우시스우,KOSPI,화학,20749833000
108860,셀바스AI,KOSDAQ,소프트웨어,445928250600
109070,컨버즈,KOSPI,전기전자,150921943000
109080,옵티시스,KOSDAQ,통신장비,74000680000
109610,에스와이,KOSDAQ,금속,192206082000
109740,디에스케이,KOSDAQ,기계·장비,145934514000
109820,진매트릭스,KOSDAQ,기타서비스,87794620200
109860,동일금속,KOSDAQ,금속,285285000000
109960,에이프로젠 H&G,KOSDAQ,유통,87471524484
110020,전진바이오팜,KOSDAQ,화학,37513954280
110790,크리스에프앤씨,KOSDAQ,섬유·의류,223179894000
110990,디아이티,KOSDAQ,IT부품,155358000000
111110,호전실업,KOSPI,섬유의복,76439874560
111710,남화산업,KOSDAQ,오락·문화,164704000000
111770,영원무역,KOSPI,유통업,2038327528000
111870,KH 전자,KOSDAQ,일반전기전자,31672044756
112040,위메이드,KOSDAQ,디지털컨텐츠,1564799340600
112290,와이씨켐,KOSDAQ,반도체,118293376500
112610,씨에스윈드,KOSPI,기계,3462272186300
113810,디젠스,KOSDAQ,운송장비·부품,57327485607
114090,GKL,KOSPI,서비스업,1190721647500
114120,크루셜텍,KOSDAQ,IT부품,24913021350
114190,강원에너지,KOSDAQ,금속,650463646200
114450,KPX생명과학,KOSDAQ,제약,61350000000
114630,폴라리스우노,KOSDAQ,화학,53715894246
114810,한솔아이원스,KOSDAQ,IT부품,258299131200
114840,아이패밀리에스씨,KOSDAQ,화학,218464688800
115160,휴맥스,KOSDAQ,통신장비,169504828020
115180,큐리언트,KOSDAQ,기타서비스,130422264320
115310,인포바인,KOSDAQ,통신서비스,85569264400
115390,락앤락,KOSPI,화학,294174601840
115440,우리넷,KOSDAQ,통신장비,90873319550
115450,HLB테라퓨틱스,KOSDAQ,유통,415269926390
115480,씨유메디칼,KOSDAQ,의료·정밀기기,56374508302
115500,케이씨에스,KOSDAQ,컴퓨터서비스,97920000000
115530,씨엔플러스,KOSDAQ,IT부품,34185389000
115570,스타플렉스,KOSDAQ,화학,34812454880
115610,이미지스,KOSDAQ,반도체,42842531420
115960,연우,KOSDAQ,화학,196880240000
117580,대성에너지,KOSPI,전기가스업,235950000000
117670,알파홀딩스,KOSDAQ,반도체,32475249135
117730,티로보틱스,KOSDAQ,기계·장비,276405910900
118000,더메디팜,KOSPI,유통업,55754278245
118990,모트렉스,KOSDAQ,운송장비·부품,504607300000
119500,포메탈,KOSDAQ,금속,47981289600
119610,인터로조,KOSDAQ,의료·정밀기기,459272610500
119650,KC코트렐,KOSPI,기계,103407482130
119830,아이텍,KOSDAQ,반도체,217558114550
119850,지엔씨에너지,KOSDAQ,일반전기전자,88824108600
119860,커넥트웨이브,KOSDAQ,인터넷,630152026840
120030,조선선재,KOSPI,기계,123878623500
120110,코오롱인더,KOSPI,화학,1227351458600
120115,코오롱인더우,KOSPI,화학,68504535000
120240,대정화금,KOSDAQ,화학,126047554230
121440,골프존뉴딘홀딩스,KOSDAQ,유통,221466349060
121600,나노신소재,KOSDAQ,화학,1566499285200
121800,비덴트,KOSDAQ,통신장비,193532554160
121850,코이즈,KOSDAQ,IT부품,84188981250
121890,에스디시스템,KOSDAQ,정보기기,9375042680
122310,제노레이,KOSDAQ,의료·정밀기기,108862753120
122350,삼기,KOSDAQ,운송장비·부품,120002409640
122450,KX,KOSDAQ,방송서비스,226226460360
122640,예스티,KOSDAQ,반도체,207596275000
122690,서진오토모티브,KOSDAQ,운송장비·부품,80377559720
122870,와이지엔터테인먼트,KOSDAQ,오락·문화,1721110215800
122900,아이마켓코리아,KOSPI,유통업,332616958000
122990,와이솔,KOSDAQ,반도체,205482799890
123010,아이윈플러스,KOSDAQ,반도체,76142584520
123040,엠에스오토텍,KOSDAQ,운송장비·부품,260186602200
123330,제닉,KOSDAQ,화학,32760000000
123410,코리아에프티,KOSDAQ,운송장비·부품,101341472960
123420,위메이드플레이,KOSDAQ,디지털컨텐츠,126053563580
123570,이엠넷,KOSDAQ,기타서비스,79636978850
123690,한국화장품,KOSPI,유통업,111029880000
123700,SJM,KOSPI,운수장비,91132604320
123750,알톤스포츠,KOSDAQ,운송장비·부품,55255197495
123840,한일진공,KOSDAQ,기계·장비,47186738270
123860,아나패스,KOSDAQ,반도체,251903589000
123890,한국자산신탁,KOSPI,기타금융,382471364920
124500,아이티센,KOSDAQ,컴퓨터서비스,83359959965
124560,태웅로직스,KOSDAQ,운송,168840886680
125210,아모그린텍,KOSDAQ,IT부품,266588126400
126340,비나텍,KOSDAQ,IT부품,370837068300
126560,현대퓨처넷,KOSPI,통신업,356506527075
126600,BGF에코머티리얼즈,KOSDAQ,화학,298343802200
126640,화신정공,KOSDAQ,운송장비·부품,66782456532
126700,하이비젼시스템,KOSDAQ,의료·정밀기기,312290140800
126720,수산인더스트리,KOSPI,건설업,320006400000
126880,제이엔케이히터,KOSDAQ,기계·장비,149671624350
127120,디엔에이링크,KOSDAQ,기타서비스,62135570420
127710,아시아경제,KOSDAQ,디지털컨텐츠,56335188348
127980,화인써키트,KOSDAQ,반도체,163332753840
128540,에코캡,KOSDAQ,운송장비·부품,116103501000
128660,피제이메탈,KOSDAQ,금속,98469374930
128820,대성산업,KOSPI,유통업,180941912000
128940,한미약품,KOSPI,의약품,3850301427000
129260,인터지스,KOSPI,운수창고업,76600775550
129890,앱코,KOSDAQ,정보기기,48870890650
129920,대성하이텍,KOSDAQ,기계·장비,135779024700
130500,GH신소재,KOSDAQ,섬유·의류,52071286160
130580,나이스디앤비,KOSDAQ,기타서비스,104566000000
130660,한전산업,KOSPI,서비스업,253302000000
130740,티피씨글로벌,KOSDAQ,운송장비·부품,36310906380
131030,옵투스제약,KOSDAQ,제약,96595908760
131090,시큐브,KOSDAQ,소프트웨어,46992000000
131100,초록뱀이앤엠,KOSDAQ,방송서비스,74327867800
131180,딜리,KOSDAQ,정보기기,41295450000
131220,대한과학,KOSDAQ,유통,53374148400
131290,티에스이,KOSDAQ,반도체,480066018600
131370,알서포트,KOSDAQ,디지털컨텐츠,210937648680
131400,이브이첨단소재,KOSDAQ,IT부품,454611294720
131760,파인텍,KOSDAQ,IT부품,52011041306
131970,두산테스나,KOSDAQ,반도체,552008179800
133750,메가엠디,KOSDAQ,기타서비스,58283621730
133820,화인베스틸,KOSPI,철강금속,68512490220
134060,이퓨쳐,KOSDAQ,출판·매체복제,29855505000
134380,미원화학,KOSPI,화학,142512566400
134580,탑코미디어,KOSDAQ,통신장비,102305204400
134790,시디즈,KOSPI,기타제조업,74700000000
136410,아셈스,KOSDAQ,화학,124846470980
136480,하림,KOSDAQ,음식료·담배,323939591100
136490,선진,KOSPI,음식료품,208071535000
136510,스마트솔루션즈,KOSDAQ,기계·장비,543768699200
136540,윈스,KOSDAQ,소프트웨어,173440666620
137080,나래나노텍,KOSDAQ,기계·장비,105064509000
137310,에스디바이오센서,KOSPI,의료정밀,1744354295100
137400,피엔티,KOSDAQ,기계·장비,1225750572200
137940,넥스트아이,KOSDAQ,의료·정밀기기,43389829568
137950,제이씨케미칼,KOSDAQ,화학,174802339900
138040,메리츠금융지주,KOSPI,기타금융,9755006647300
138070,신진에스엠,KOSDAQ,금속,47083618760
138080,오이솔루션,KOSDAQ,통신장비,176572458900
138360,협진,KOSDAQ,기계·장비,42157396512
138490,코오롱플라스틱,KOSPI,화학,377720000000
138580,비즈니스온,KOSDAQ,소프트웨어,286463270100
138610,나이벡,KOSDAQ,제약,158224341310
138690,엘아이에스,KOSDAQ,반도체,22849431320
138930,BNK금융지주,KOSPI,기타금융,2209840967880
139050,시티랩스,KOSDAQ,컴퓨터서비스,46218398604
139130,DGB금융지주,KOSPI,기타금융,1194169580980
139480,이마트,KOSPI,유통업,2330418468400
139670,키네마스터,KOSDAQ,소프트웨어,91836399720
139990,아주스틸,KOSPI,철강금속,245211792030
140070,서플러스글로벌,KOSDAQ,유통,172549020000
140410,메지온,KOSDAQ,기타서비스,714011880600
140520,대창스틸,KOSDAQ,금속,60794619840
140670,알에스오토메이션,KOSDAQ,IT부품,135267655600
140860,파크시스템스,KOSDAQ,의료·정밀기기,1174636021000
140910,에이리츠,KOSPI,서비스업,17004151920
141000,비아트론,KOSDAQ,반도체,113151391400
141020,디에스앤엘,KOSDAQ,유통,43701490755
141080,레고켐바이오,KOSDAQ,기타서비스,1125823470000
142210,유니트론텍,KOSDAQ,유통,87203056875
142280,녹십자엠에스,KOSDAQ,제약,101785304060
142760,비엘,KOSDAQ,기타서비스,120448126510
143160,아이디스,KOSDAQ,통신장비,235760580000
143210,핸즈코퍼레이션,KOSPI,운수장비,68869294200
143240,사람인,KOSDAQ,인터넷,253331507100
143540,영우디에스피,KOSDAQ,반도체,59630059615
144510,지씨셀,KOSDAQ,기타서비스,736296030400
144960,뉴파워프라즈마,KOSDAQ,기계·장비,265651153920
145020,휴젤,KOSDAQ,제약,1327720776000
145210,다이나믹디자인,KOSPI,기계,123050728800
145270,케이탑리츠,KOSPI,서비스업,49214232576
145720,덴티움,KOSPI,의료정밀,1942579665000
145990,삼양사,KOSPI,음식료품,450697721300
145995,삼양사우,KOSPI,음식료품,10398967000
146320,비씨엔씨,KOSDAQ,반도체,247549878200
147760,피엠티,KOSDAQ,의료·정밀기기,48527099010
147830,제룡산업,KOSDAQ,금속,85200000000
148140,비디아이,KOSDAQ,기계·장비,27653546880
148150,세경하이테크,KOSDAQ,일반전기전자,228615051400
148250,알엔투테크놀로지,KOSDAQ,정보기기,57799074520
148780,비플라이소프트,KOSDAQ,출판·매체복제,41288236925
148930,에이치와이티씨,KOSDAQ,IT부품,101355938520
149950,아바텍,KOSDAQ,IT부품,257523750000
149980,하이로닉,KOSDAQ,의료·정밀기기,109818526280
150840,인트로메딕,KOSDAQ,의료·정밀기기,223669017000
150900,파수,KOSDAQ,소프트웨어,91862654580
151860,KG ETS,KOSDAQ,화학,513720000000
151910,SBW생명과학,KOSDAQ,IT부품,93881082540
152550,한국ANKOR유전,KOSPI,기타금융,50904540000
153460,네이블,KOSDAQ,소프트웨어,56811121800
153490,우리이앤엘,KOSDAQ,반도체,61518600000
153710,옵티팜,KOSDAQ,제약,127335235440
154030,아시아종묘,KOSDAQ,"농업, 임업 및 어업",39034144890
154040,다산솔루에타,KOSDAQ,IT부품,38394660500
155650,와이엠씨,KOSDAQ,IT부품,120935763180
155660,DSR,KOSPI,철강금속,80480000000
155900,바다로19호,KOSPI,서비스업,43928011560
156100,엘앤케이바이오,KOSDAQ,의료·정밀기기,77216595840
158430,아톤,KOSDAQ,소프트웨어,88798791950
159010,아스플로,KOSDAQ,기계·장비,184419440370
159580,제로투세븐,KOSDAQ,유통,148441832760
159910,스킨앤스킨,KOSDAQ,반도체,53476763099
160550,NEW,KOSDAQ,오락·문화,192831192460
160600,이큐셀,KOSDAQ,기계·장비,106895911200
160980,싸이맥스,KOSDAQ,반도체,149115916950
161000,애경케미칼,KOSPI,화학,877136223270
161390,한국타이어앤테크놀로지,KOSPI,화학,4366596182250
161570,THE MIDONG,KOSDAQ,정보기기,29763205300
161580,필옵틱스,KOSDAQ,IT부품,223432731550
161890,한국콜마,KOSPI,화학,890077902000
162300,신스틸,KOSDAQ,금속,162994682660
163560,동일고무벨트,KOSPI,화학,92574000000
163730,핑거,KOSDAQ,소프트웨어,109386283410
164060,이루다,KOSDAQ,의료·정밀기기,135163724540
166090,하나머티리얼즈,KOSDAQ,반도체,901709568100
166480,코아스템켐온,KOSDAQ,제약,278083380960
168330,내츄럴엔도텍,KOSDAQ,기타서비스,88913720000
168360,펨트론,KOSDAQ,기계·장비,154340059000
168490,한국패러랠,KOSPI,기타금융,174043500000
169330,엠브레인,KOSDAQ,기타서비스,60853471530
170030,현대공업,KOSDAQ,운송장비·부품,132691000000
170790,파이오링크,KOSDAQ,통신장비,97291322700
170900,동아에스티,KOSPI,의약품,483285118800
170920,엘티씨,KOSDAQ,반도체,93313283550
171010,램테크놀러지,KOSDAQ,반도체,86336995680
171090,선익시스템,KOSDAQ,반도체,349753371800
171120,라이온켐텍,KOSDAQ,화학,162295817840
173130,오파스넷,KOSDAQ,소프트웨어,173636695200
173940,에프엔씨엔터,KOSDAQ,오락·문화,91725779930
174880,장원테크,KOSDAQ,통신장비,11610352250
174900,앱클론,KOSDAQ,제약,340048328350
175140,인포마크,KOSDAQ,통신장비,119935981000
175250,아이큐어,KOSDAQ,제약,123003655200
175330,JB금융지주,KOSPI,기타금융,1680264085820
177350,베셀,KOSDAQ,반도체,65472960150
177830,파버나인,KOSDAQ,일반전기전자,65085269915
178320,서진시스템,KOSDAQ,통신장비,636991881900
178780,일월지엠엘,KOSDAQ,유통,116465295400
178920,PI첨단소재,KOSPI,화학,994049999700
179290,엠아이텍,KOSDAQ,의료·정밀기기,338820402900
179530,애드바이오텍,KOSDAQ,제약,38344162580
179900,유티아이,KOSDAQ,IT부품,359126034750
180400,DXVX,KOSDAQ,기타서비스,248211357150
180640,한진칼,KOSPI,운수창고업,3154494861000
18064K,한진칼우,KOSPI,운수창고업,16049303400
181340,이즈미디어,KOSDAQ,의료·정밀기기,54259503030
181710,NHN,KOSPI,서비스업,941543579900
182360,큐브엔터,KOSDAQ,오락·문화,296110536150
182400,엔케이맥스,KOSDAQ,제약,537074599650
183190,아세아시멘트,KOSPI,비금속광물,417630724800
183300,코미코,KOSDAQ,반도체,543108227400
183490,엔지켐생명과학,KOSDAQ,제약,145547176582
184230,SGA솔루션즈,KOSDAQ,소프트웨어,49364561064
185490,아이진,KOSDAQ,기타서비스,100518631200
185750,종근당,KOSPI,의약품,1113565910400
186230,그린플러스,KOSDAQ,금속,110041311960
187220,디티앤씨,KOSDAQ,기타서비스,51646762715
187270,신화콘텍,KOSDAQ,IT부품,50567067325
187420,제노포커스,KOSDAQ,제약,113075550200
187660,에이디엠코리아,KOSDAQ,기타서비스,43563318750
187790,나노,KOSDAQ,화학,37995959535
187870,디바이스이엔지,KOSDAQ,반도체,127995917710
189300,인텔리안테크,KOSDAQ,일반전기전자,625407858900
189330,씨이랩,KOSDAQ,소프트웨어,119993598320
189690,포시에스,KOSDAQ,소프트웨어,76046147050
189860,서전기전,KOSDAQ,일반전기전자,59647497000
189980,흥국에프엔비,KOSDAQ,음식료·담배,119811413595
190510,나무가,KOSDAQ,IT부품,265563954560
190650,코리아에셋투자증권,KOSDAQ,금융,47079560000
191410,육일씨엔에쓰,KOSDAQ,IT부품,35534699460
191420,테고사이언스,KOSDAQ,제약,100711718280
192080,더블유게임즈,KOSPI,서비스업,812217300050
192250,케이사인,KOSDAQ,소프트웨어,111872599831
192390,윈하이텍,KOSDAQ,금속,43480135680
192400,쿠쿠홀딩스,KOSPI,기타금융,551925111200
192410,휴림네트웍스,KOSDAQ,통신장비,70826430360
192440,슈피겐코리아,KOSDAQ,IT부품,213842887200
192650,드림텍,KOSPI,전기전자,592247726740
192820,코스맥스,KOSPI,화학,957898559600
193250,와이제이엠게임즈,KOSDAQ,IT부품,64376536896
194370,제이에스코퍼레이션,KOSPI,기타제조업,168561996640
194480,데브시스터즈,KOSDAQ,디지털컨텐츠,574975544000
194700,노바렉스,KOSDAQ,음식료·담배,163729823040
195500,마니커에프앤지,KOSDAQ,음식료·담배,61004240000
195870,해성디에스,KOSPI,전기전자,861900000000
195940,HK이노엔,KOSDAQ,제약,951884337600
195990,에이비프로바이오,KOSDAQ,기계·장비,149181869898
196170,알테오젠,KOSDAQ,기타서비스,2670746150800
196300,애니젠,KOSDAQ,제약,83814237760
196450,코아시아씨엠,KOSDAQ,의료·정밀기기,82671415130
196490,디에이테크놀로지,KOSDAQ,기계·장비,125939310600
196700,웹스,KOSDAQ,화학,36341284320
197140,디지캡,KOSDAQ,출판·매체복제,49820440800
198080,엔피디,KOSDAQ,IT부품,45008536650
198440,고려시멘트,KOSDAQ,비금속,85226593400
198940,한주라이트메탈,KOSDAQ,금속,112144652550
199730,바이오인프라,KOSDAQ,기타서비스,92867345120
199800,툴젠,KOSDAQ,기타서비스,384480752700
199820,제일전기공업,KOSDAQ,일반전기전자,127765000000
200130,콜마비앤에이치,KOSDAQ,제약,630754963300
200230,텔콘RF제약,KOSDAQ,통신장비,132467640352
200350,래몽래인,KOSDAQ,오락·문화,152639559600
200470,에이팩트,KOSDAQ,반도체,145513789455
200670,휴메딕스,KOSDAQ,제약,333732401200
200710,에이디테크놀로지,KOSDAQ,반도체,263082470000
200780,비씨월드제약,KOSDAQ,제약,59934668160
200880,서연이화,KOSPI,운수장비,524621962170
201490,미투온,KOSDAQ,디지털컨텐츠,117372926350
203400,에이비온,KOSDAQ,기타서비스,149631181780
203450,유니온커뮤니티,KOSDAQ,일반전기전자,51596709605
203650,드림시큐리티,KOSDAQ,출판·매체복제,164974758040
203690,프로스테믹스,KOSDAQ,종이·목재,41773636450
204020,그리티,KOSDAQ,섬유·의류,64471776000
204210,모두투어리츠,KOSPI,서비스업,28450472525
204270,제이앤티씨,KOSDAQ,일반전기전자,473200451880
204320,HL만도,KOSPI,운수장비,2242202480000
204610,티쓰리,KOSDAQ,디지털컨텐츠,113935905720
204620,글로벌텍스프리,KOSDAQ,금융,209906514000
204630,스튜디오산타클로스,KOSDAQ,오락·문화,40073687808
204840,지엘팜텍,KOSDAQ,기타서비스,51235850325
205100,엑셈,KOSDAQ,소프트웨어,154806571615
205470,휴마시스,KOSDAQ,제약,359662525020
205500,액션스퀘어,KOSDAQ,디지털컨텐츠,112423660360
206400,베노홀딩스,KOSDAQ,건설,120815033880
206560,덱스터,KOSDAQ,오락·문화,254357463360
206640,바디텍메드,KOSDAQ,제약,274088155200
206650,유바이오로직스,KOSDAQ,제약,280260565830
207760,미스터블루,KOSDAQ,디지털컨텐츠,191422392320
207940,삼성바이오로직스,KOSPI,의약품,55871590000000
208140,정다운,KOSDAQ,음식료·담배,80893508850
208340,파멥신,KOSDAQ,제약,78063509440
208350,지란지교시큐리티,KOSDAQ,출판·매체복제,38668651875
208370,셀바스헬스케어,KOSDAQ,의료·정밀기기,150679919800
208640,썸에이지,KOSDAQ,출판·매체복제,71847971064
208710,바이오로그디바이스,KOSDAQ,IT부품,38029011300
208860,엔지스테크널러지,KOSDAQ,소프트웨어,25233717915
210540,디와이파워,KOSPI,기계,138904686640
210980,SK디앤디,KOSPI,서비스업,475979017800
211050,인카금융서비스,KOSDAQ,금융,139444777200
211270,AP위성,KOSDAQ,통신장비,218240938880
212560,네오오토,KOSDAQ,운송장비·부품,76780889250
213420,덕산네오룩스,KOSDAQ,반도체,1118644613950
213500,한솔제지,KOSPI,종이목재,268708503040
214150,클래시스,KOSDAQ,의료·정밀기기,1816986491100
214180,헥토이노베이션,KOSDAQ,소프트웨어,167968533950
214260,라파스,KOSDAQ,화학,188287923000
214270,FSN,KOSDAQ,출판·매체복제,113217826515
214310,에스엘에너지,KOSDAQ,반도체,22516276518
214320,이노션,KOSPI,서비스업,778000000000
214330,금호에이치티,KOSPI,운수장비,149067136440
214370,케어젠,KOSDAQ,제약,2100256500000
214390,경보제약,KOSPI,의약품,179062381400
214420,토니모리,KOSPI,화학,120273995000
214430,아이쓰리시스템,KOSDAQ,일반전기전자,169496226000
214450,파마리서치,KOSDAQ,제약,1249150385000
214610,미코바이오메드,KOSDAQ,의료·정밀기기,96117530250
214680,디알텍,KOSDAQ,의료·정밀기기,237258686075
214870,뉴지랩파마,KOSDAQ,유통,45813404598
215000,골프존,KOSDAQ,소프트웨어,748657009500
215090,휴센텍,KOSDAQ,의료·정밀기기,120843123170
215100,로보로보,KOSDAQ,디지털컨텐츠,113747857860
215200,메가스터디교육,KOSDAQ,기타서비스,752043192000
215360,우리산업,KOSDAQ,운송장비·부품,156890560340
215380,우정바이오,KOSDAQ,기타서비스,38419020115
215480,토박스코리아,KOSDAQ,유통,43651904780
215600,신라젠,KOSDAQ,기타서비스,631604147500
215790,알비케이그룹,KOSDAQ,통신장비,53898853362
216050,인크로스,KOSDAQ,기타서비스,189694388940
216080,제테마,KOSDAQ,제약,361893357700
217190,제너셈,KOSDAQ,반도체,120839217720
217270,넵튠,KOSDAQ,출판·매체복제,431584291840
217330,싸이토젠,KOSDAQ,기타서비스,316540553850
217480,에스디생명공학,KOSDAQ,화학,14870423038
217500,러셀,KOSDAQ,기계·장비,134564760000
217620,디딤이앤에프,KOSDAQ,숙박·음식,61427696788
217730,강스템바이오텍,KOSDAQ,제약,125195152500
217820,원익피앤이,KOSDAQ,기계·장비,403318310500
218150,미래생명자원,KOSDAQ,음식료·담배,136286531400
218410,RFHIC,KOSDAQ,일반전기전자,608052051800
219130,타이거일렉,KOSDAQ,반도체,147122957000
219420,링크제니시스,KOSDAQ,소프트웨어,79139598300
219550,디와이디,KOSDAQ,유통,80672706158
219750,지티지웰니스,KOSDAQ,의료·정밀기기,27234072750
220100,퓨쳐켐,KOSDAQ,제약,169744550400
220180,핸디소프트,KOSDAQ,소프트웨어,70062880000
220260,켐트로스,KOSDAQ,화학,245929922820
221840,하이즈항공,KOSDAQ,운송장비·부품,62179365325
221980,케이디켐,KOSDAQ,화학,54147016000
222040,코스맥스엔비티,KOSDAQ,음식료·담배,116960760000
222080,씨아이에스,KOSDAQ,기계·장비,827570412600
222110,팬젠,KOSDAQ,제약,57659202000
222160,바이옵트로,KOSDAQ,기계·장비,43569683100
222420,쎄노텍,KOSDAQ,비금속,95466485100
222800,심텍,KOSDAQ,반도체,984293018700
222810,세토피아,KOSDAQ,소프트웨어,231922331820
222980,한국맥널티,KOSDAQ,음식료·담배,62548508610
223250,드림씨아이에스,KOSDAQ,기타서비스,72708584400
223310,커머스마이너,KOSDAQ,유통,52224831720
224060,더코디,KOSDAQ,반도체,20274804630
224110,에이텍모빌리티,KOSDAQ,정보기기,72196800000
225190,삼양옵틱스,KOSDAQ,의료·정밀기기,102816339440
225220,제놀루션,KOSDAQ,제약,91632350275
225430,케이엠제약,KOSDAQ,화학,36281052050
225530,보광산업,KOSDAQ,비금속,238382049120
225570,넥슨게임즈,KOSDAQ,디지털컨텐츠,1338238262900
225590,패션플랫폼,KOSDAQ,섬유·의류,40487803760
226320,잇츠한불,KOSPI,화학,333106294850
226330,신테카바이오,KOSDAQ,출판·매체복제,124670221520
226340,본느,KOSDAQ,화학,51728819260
226360,KH 건설,KOSDAQ,건설,39434949389
226400,오스테오닉,KOSDAQ,의료·정밀기기,87400172280
226440,한송네오텍,KOSDAQ,기계·장비,90418067280
226950,올릭스,KOSDAQ,기타서비스,278116740000
227100,에이치앤비디자인,KOSDAQ,일반전기전자,54425350980
227610,아우딘퓨쳐스,KOSDAQ,화학,44156892570
227840,현대코퍼레이션홀딩스,KOSPI,유통업,101929363200
227950,엔투텍,KOSDAQ,기계·장비,135282152376
228340,동양파일,KOSDAQ,비금속,64200000000
228670,레이,KOSDAQ,의료·정밀기기,551904288800
228760,지노믹트리,KOSDAQ,기타서비스,300759362400
228850,레이언스,KOSDAQ,의료·정밀기기,192123942120
229000,젠큐릭스,KOSDAQ,제약,45468584210
229640,LS전선아시아,KOSPI,기타금융,210699167520
230240,에치에프알,KOSDAQ,통신장비,289339607700
230360,에코마케팅,KOSDAQ,기타서비스,359285121900
230980,에이트원,KOSDAQ,출판·매체복제,90374268474
232140,와이아이케이,KOSDAQ,반도체,340077975750
232680,라온테크,KOSDAQ,반도체,138671955060
234080,JW생명과학,KOSPI,의약품,194765014200
234100,폴라리스세원,KOSDAQ,운송장비·부품,114293094320
234300,에스트래픽,KOSDAQ,소프트웨어,117472024340
234340,헥토파이낸셜,KOSDAQ,소프트웨어,177338280000
234690,녹십자웰빙,KOSDAQ,제약,140953071440
234920,자이글,KOSDAQ,일반전기전자,279413291500
235980,메드팩토,KOSDAQ,기타서비스,484855985000
236200,슈프리마,KOSDAQ,일반전기전자,168322588200
236810,엔비티,KOSDAQ,기타서비스,96759928200
237690,에스티팜,KOSDAQ,제약,1645767812500
237750,피앤씨테크,KOSDAQ,일반전기전자,39824158000
237820,플레이디,KOSDAQ,기타서비스,68753470400
237880,클리오,KOSDAQ,화학,382209115950
238090,앤디포스,KOSDAQ,비금속,66975007035
238120,얼라인드,KOSDAQ,의료·정밀기기,59600523920
238200,비피도,KOSDAQ,음식료·담배,66176200000
238490,힘스,KOSDAQ,반도체,93665314080
239340,줌인터넷,KOSDAQ,인터넷,100634034820
239610,에이치엘사이언스,KOSDAQ,음식료·담배,95763962400
239890,피엔에이치테크,KOSDAQ,화학,238912100400
240810,원익IPS,KOSDAQ,반도체,1600135172600
241520,DSC인베스트먼트,KOSDAQ,금융,110411269910
241560,두산밥캣,KOSPI,기계,5634003129200
241590,화승엔터프라이즈,KOSPI,기타제조업,433213323400
241690,유니테크노,KOSDAQ,운송장비·부품,119055049400
241710,코스메카코리아,KOSDAQ,화학,182628000000
241770,메카로,KOSDAQ,반도체,117826918400
241790,오션브릿지,KOSDAQ,반도체,153140326540
241820,피씨엘,KOSDAQ,제약,103594441400
241840,에이스토리,KOSDAQ,오락·문화,192707878800
242040,나무기술,KOSDAQ,출판·매체복제,95167226000
243070,휴온스,KOSDAQ,제약,372985906250
243840,신흥에스이씨,KOSDAQ,IT부품,369141538950
244460,올리패스,KOSDAQ,제약,94609622895
244920,에이플러스에셋,KOSPI,기타금융,103204118545
245620,EDGC,KOSDAQ,기타서비스,136963914750
246690,TS인베스트먼트,KOSDAQ,금융,63593942827
246710,티앤알바이오팹,KOSDAQ,제약,284641033740
246720,아스타,KOSDAQ,제약,117039506750
246960,이노테라피,KOSDAQ,제약,49267350600
247540,에코프로비엠,KOSDAQ,일반전기전자,24939342720000
247660,나노씨엠에스,KOSDAQ,일반전기전자,78190560000
248070,솔루엠,KOSPI,전기전자,1265140440300
248170,샘표식품,KOSPI,음식료품,130652979600
249420,일동제약,KOSPI,의약품,517571433350
250000,보라티알,KOSDAQ,유통,76755834210
250060,모비스,KOSDAQ,소프트웨어,89114539780
250930,예선테크,KOSDAQ,화학,33165442200
251120,바이오에프디엔씨,KOSDAQ,제약,155653030000
251270,넷마블,KOSPI,서비스업,4813396112000
251370,와이엠티,KOSDAQ,화학,199199605440
251630,브이원텍,KOSDAQ,기계·장비,184225347000
251970,펌텍코리아,KOSDAQ,화학,257920000000
252500,세화피앤씨,KOSDAQ,화학,45842460950
252990,샘씨엔에스,KOSDAQ,반도체,276849229920
253450,스튜디오드래곤,KOSDAQ,오락·문화,1941778970800
253590,네오셈,KOSDAQ,반도체,122477983810
253840,수젠텍,KOSDAQ,의료·정밀기기,137602797270
254120,자비스,KOSDAQ,기계·장비,78162124960
254490,미래반도체,KOSDAQ,유통,404264000000
255220,SG,KOSDAQ,비금속,57691372121
255440,야스,KOSDAQ,IT부품,171451540000
256150,한독크린텍,KOSDAQ,기계·장비,64137800000
256630,포인트엔지니어링,KOSDAQ,금속,120343924400
256840,한국비엔씨,KOSDAQ,제약,265877214345
256940,케이피에스,KOSDAQ,반도체,200048180860
257370,명성티엔에스,KOSDAQ,IT부품,92999789370
257720,실리콘투,KOSDAQ,유통,360779882320
258610,케일럼,KOSDAQ,금속,75409724610
258790,소프트캠프,KOSDAQ,출판·매체복제,42885043344
258830,세종메디칼,KOSDAQ,의료·정밀기기,167758198260
259630,엠플러스,KOSDAQ,기계·장비,146529055860
259960,크래프톤,KOSPI,서비스업,9305847810000
260660,알리코제약,KOSDAQ,제약,95027530200
260930,씨티케이,KOSDAQ,화학,111987811890
260970,에스앤디,KOSDAQ,음식료·담배,61337836200
261200,덴티스,KOSDAQ,의료·정밀기기,165216642850
261780,차백신연구소,KOSDAQ,기타서비스,155531826080
262260,에이프로,KOSDAQ,일반전기전자,244400262600
262840,아이퀘스트,KOSDAQ,소프트웨어,69118600000
263020,디케이앤디,KOSDAQ,화학,54730574100
263050,유틸렉스,KOSDAQ,제약,197416531350
263540,어스앤에어로스페이스,KOSDAQ,운송장비·부품,62439841450
263600,덕우전자,KOSDAQ,일반전기전자,197695147100
263690,디알젬,KOSDAQ,의료·정밀기기,118352624500
263700,케어랩스,KOSDAQ,기타서비스,131822418000
263720,디앤씨미디어,KOSDAQ,디지털컨텐츠,214814442500
263750,펄어비스,KOSDAQ,디지털컨텐츠,3263791034000
263770,유에스티,KOSDAQ,금속,104043755080
263800,데이타솔루션,KOSDAQ,정보기기,109244481200
263810,상신전자,KOSDAQ,일반전기전자,101279944980
263860,지니언스,KOSDAQ,소프트웨어,136852254000
263920,휴엠앤씨,KOSDAQ,기타제조,66652337106
264450,유비쿼스,KOSDAQ,통신장비,134526119780
264660,씨앤지하이테크,KOSDAQ,반도체,107983560040
264850,이랜시스,KOSDAQ,일반전기전자,77698910560
264900,크라운제과,KOSPI,음식료품,110585595500
26490K,크라운제과우,KOSPI,음식료품,8292563200
265520,AP시스템,KOSDAQ,반도체,330078693600
265560,영화테크,KOSDAQ,운송장비·부품,118554096200
265740,엔에프씨,KOSDAQ,화학,74937802000
267250,HD현대,KOSPI,기타금융,4621095472500
267260,HD현대일렉트릭,KOSPI,전기전자,1888869874000
267270,HD현대건설기계,KOSPI,기계,1189927897200
267290,경동도시가스,KOSPI,전기가스업,124982607200
267320,나인테크,KOSDAQ,IT부품,147422030975
267790,배럴,KOSDAQ,섬유·의류,63265770000
267850,아시아나IDT,KOSPI,서비스업,146187000000
267980,매일유업,KOSDAQ,음식료·담배,379239897300
268280,미원에스씨,KOSPI,화학,695640000000
268600,셀리버리,KOSDAQ,기타서비스,244941204600
269620,시스웍,KOSDAQ,의료·정밀기기,96529897618
270520,지오릿에너지,KOSDAQ,기타서비스,522866575120
270660,에브리봇,KOSDAQ,일반전기전자,190916415720
270870,뉴트리,KOSDAQ,음식료·담배,77281881600
271560,오리온,KOSPI,음식료품,4926202047200
271830,팸텍,KOSDAQ,반도체,165443592960
271940,일진하이솔루스,KOSPI,운수장비,1122077571000
271980,제일약품,KOSPI,의약품,298508901600
272110,케이엔제이,KOSDAQ,반도체,180757736250
272210,한화시스템,KOSPI,전기전자,2716660813820
272290,이녹스첨단소재,KOSDAQ,IT부품,813116734500
272450,진에어,KOSPI,운수창고업,778302000000
272550,삼양패키징,KOSPI,화학,264302352540
273060,와이즈버즈,KOSDAQ,기타서비스,58634034284
273640,와이엠텍,KOSDAQ,일반전기전자,250573100000
274090,켄코아에어로스페이스,KOSDAQ,운송장비·부품,193199188530
275630,에스에스알,KOSDAQ,소프트웨어,30029765110
276040,스코넥,KOSDAQ,디지털컨텐츠,166352000400
276730,제주맥주,KOSDAQ,음식료·담배,90565618143
277070,린드먼아시아,KOSDAQ,금융,87081120000
277410,인산가,KOSDAQ,음식료·담배,61301679657
277810,레인보우로보틱스,KOSDAQ,기계·장비,2017499140800
277880,티에스아이,KOSDAQ,기계·장비,251277894710
278280,천보,KOSDAQ,화학,1893000000000
278650,HLB바이오스텝,KOSDAQ,기타서비스,343824381140
279600,미디어젠,KOSDAQ,소프트웨어,58840849360
280360,롯데웰푸드,KOSPI,음식료품,1012329790200
281740,레이크머티리얼즈,KOSDAQ,화학,989244747400
281820,케이씨텍,KOSPI,의료정밀,412641577680
282330,BGF리테일,KOSPI,유통업,3192337438200
282690,동아타이어,KOSPI,화학,164384189550
282720,금양그린파워,KOSDAQ,건설,203971185000
282880,코윈테크,KOSDAQ,기계·장비,339641354300
284620,카이노스메드,KOSDAQ,기타서비스,132212545060
284740,쿠쿠홈시스,KOSPI,서비스업,563176983000
285130,SK케미칼,KOSPI,화학,1278505320300
28513K,SK케미칼우,KOSPI,화학,72770757600
285490,노바텍,KOSDAQ,기타제조,327321969450
285800,진영,KOSDAQ,화학,140265674000
286750,나노브릭,KOSDAQ,화학,47170785445
286940,롯데정보통신,KOSPI,서비스업,436485983850
287410,제이시스메디칼,KOSDAQ,의료·정밀기기,733269464550
288330,브릿지바이오테라퓨틱스,KOSDAQ,제약,162599628000
288620,에스퓨얼셀,KOSDAQ,일반전기전자,143424943800
288980,모아데이타,KOSDAQ,소프트웨어,117110952000
289010,아이스크림에듀,KOSDAQ,출판·매체복제,63548342780
289080,SV인베스트먼트,KOSDAQ,금융,117647140000
289220,자이언트스텝,KOSDAQ,오락·문화,389342712000
290090,트윔,KOSDAQ,소프트웨어,103430339500
290120,대유에이피,KOSDAQ,운송장비·부품,67089290640
290270,휴네시온,KOSDAQ,소프트웨어,39343416840
290380,대유,KOSDAQ,화학,56841307600
290520,신도기연,KOSDAQ,기계·장비,108319661600
290550,디케이티,KOSDAQ,IT부품,180452616780
290650,엘앤씨바이오,KOSDAQ,제약,788299962250
290660,네오펙트,KOSDAQ,의료·정밀기기,35181647820
290670,대보마그네틱,KOSDAQ,기계·장비,488746452000
290690,소룩스,KOSDAQ,일반전기전자,192384441900
290720,푸드나무,KOSDAQ,유통,111513442560
290740,액트로,KOSDAQ,IT부품,75487582500
291230,엔피,KOSDAQ,기타서비스,227810120710
291650,압타머사이언스,KOSDAQ,기타서비스,57902659320
291810,핀텔,KOSDAQ,소프트웨어,88650110080
293480,하나제약,KOSPI,의약품,259662741060
293490,카카오게임즈,KOSDAQ,디지털컨텐츠,3239997284700
293580,나우IB,KOSDAQ,금융,126320630000
293780,압타바이오,KOSDAQ,기타서비스,258443856940
293940,신한알파리츠,KOSPI,서비스업,550625768750
294090,이오플로우,KOSDAQ,의료·정밀기기,859252495700
294140,레몬,KOSDAQ,화학,249010000000
294570,쿠콘,KOSDAQ,소프트웨어,291233054000
294630,서남,KOSDAQ,일반전기전자,68482829580
294870,HDC현대산업개발,KOSPI,건설업,825159771600
296640,이노룰스,KOSDAQ,소프트웨어,50697753600
297090,씨에스베어링,KOSDAQ,기계·장비,322380000000
297570,알로이스,KOSDAQ,통신장비,54840009312
297890,HB솔루션,KOSDAQ,기계·장비,283238375420
298000,효성화학,KOSPI,화학,323159763800
298020,효성티앤씨,KOSPI,화학,1674812934000
298040,효성중공업,KOSPI,전기전자,823357588400
298050,효성첨단소재,KOSPI,화학,2007016704000
298060,에스씨엠생명과학,KOSDAQ,제약,140944460000
298380,에이비엘바이오,KOSDAQ,제약,1161924887700
298540,더네이쳐홀딩스,KOSDAQ,섬유·의류,378888288800
298690,에어부산,KOSPI,운수창고업,351669600000
298830,슈어소프트테크,KOSDAQ,소프트웨어,568258911000
298870,우리벤처파트너스,KOSDAQ,금융,261000000000
299030,하나기술,KOSDAQ,기계·장비,509307066000
299170,더블유에스아이,KOSDAQ,유통,62308023225
299660,셀리드,KOSDAQ,기타서비스,83590939280
299900,위지윅스튜디오,KOSDAQ,오락·문화,599526338420
299910,베스파,KOSDAQ,디지털컨텐츠,25974889140
300080,플리토,KOSDAQ,디지털컨텐츠,183118110000
300120,라온피플,KOSDAQ,IT부품,128568794160
300720,한일시멘트,KOSPI,비금속광물,892781250600
301300,바이브컴퍼니,KOSDAQ,소프트웨어,123915001200
302430,이노메트리,KOSDAQ,기계·장비,141893191440
302440,SK바이오사이언스,KOSPI,의약품,6303970176600
302550,리메드,KOSDAQ,의료·정밀기기,78127104000
303030,지니틱스,KOSDAQ,반도체,61768514304
303530,이노뎁,KOSDAQ,소프트웨어,105098761680
304100,솔트룩스,KOSDAQ,소프트웨어,293718217800
304360,에스바이오메딕스,KOSDAQ,제약,163125375840
304840,피플바이오,KOSDAQ,제약,156643117200
305090,마이크로디지탈,KOSDAQ,의료·정밀기기,125875145200
306040,에스제이그룹,KOSDAQ,섬유·의류,130919537560
306200,세아제강,KOSPI,철강금속,404740010000
306620,네온테크,KOSDAQ,기계·장비,144746216290
307180,아이엘사이언스,KOSDAQ,일반전기전자,96760692000
307280,원바이오젠,KOSDAQ,제약,78012433120
307750,국전약품,KOSDAQ,제약,319931633880
307870,비투엔,KOSDAQ,소프트웨어,71872666000
307930,컴퍼니케이,KOSDAQ,금융,90538000000
307950,현대오토에버,KOSPI,서비스업,3422512953600
308080,바이젠셀,KOSDAQ,제약,137821074400
308100,까스텔바작,KOSDAQ,유통,54720294580
308170,씨티알모빌리티,KOSPI,운수장비,138276600000
309930,오하임아이엔티,KOSDAQ,유통,91460097000
309960,LB인베스트먼트,KOSDAQ,금융,123051366700
310200,애니플러스,KOSDAQ,오락·문화,174420492160
310210,보로노이,KOSDAQ,제약,539431612850
310870,디와이씨,KOSDAQ,운송장비·부품,43857014520
311320,지오엘리먼트,KOSDAQ,일반전기전자,133335899200
311390,네오크레마,KOSDAQ,음식료·담배,70641670050
311690,CJ 바이오사이언스,KOSDAQ,기타서비스,154021206400
312610,에이에프더블류,KOSDAQ,일반전기전자,87104618400
313760,윌링스,KOSDAQ,일반전기전자,60801160230
314130,지놈앤컴퍼니,KOSDAQ,제약,260050487240
314140,알피바이오,KOSDAQ,제약,99316497060
314930,바이오다인,KOSDAQ,의료·정밀기기,230774258250
315640,딥노이드,KOSDAQ,소프트웨어,102488474000
316140,우리금융지주,KOSPI,기타금융,8656639927610
317120,라닉스,KOSDAQ,일반전기전자,56317800000
317240,TS트릴리온,KOSDAQ,화학,61863194375
317330,덕산테코피아,KOSDAQ,반도체,348987357720
317400,자이에스앤디,KOSPI,서비스업,267211562800
317530,캐리소프트,KOSDAQ,오락·문화,54993448400
317690,퀀타매트릭스,KOSDAQ,의료·정밀기기,81198688010
317770,슈프리마아이디,KOSDAQ,일반전기전자,229356902000
317830,에스피시스템스,KOSDAQ,기계·장비,147572929800
317850,대모,KOSDAQ,기계·장비,119455427000
317870,엔바이오니아,KOSDAQ,기타제조,105119308800
318000,KBG,KOSDAQ,화학,110691146250
318010,팜스빌,KOSDAQ,음식료·담배,75249417620
318020,포인트모바일,KOSDAQ,일반전기전자,229187123200
318160,셀바이오휴먼텍,KOSDAQ,섬유·의류,62612541890
318410,비비씨,KOSDAQ,기타제조,60385491410
319400,현대무벡스,KOSDAQ,기계·장비,519830415870
319660,피에스케이,KOSDAQ,반도체,616991008200
320000,윈텍,KOSDAQ,기계·장비,70296762400
321260,프로이천,KOSDAQ,일반전기전자,94584441820
321550,티움바이오,KOSDAQ,기타서비스,267317803690
321820,와이더플래닛,KOSDAQ,출판·매체복제,40413449700
322000,HD현대에너지솔루션,KOSPI,전기전자,463680000000
322180,티라유텍,KOSDAQ,소프트웨어,74790825000
322310,오로스테크놀로지,KOSDAQ,기계·장비,163352492480
322510,제이엘케이,KOSDAQ,소프트웨어,196256234880
322780,코퍼스코리아,KOSDAQ,오락·문화,95779847825
323230,엠에프엠코리아,KOSDAQ,섬유·의류,22703745000
323280,태성,KOSDAQ,기계·장비,55017161400
323410,카카오뱅크,KOSPI,은행,12658167487350
323990,박셀바이오,KOSDAQ,기타서비스,609681150000
326030,SK바이오팜,KOSPI,서비스업,5896987725000
327260,RF머트리얼즈,KOSDAQ,기타제조,98665455040
328130,루닛,KOSDAQ,소프트웨어,1199511568800
328380,솔트웨어,KOSDAQ,컴퓨터서비스,41492224158
329180,HD현대중공업,KOSPI,운수장비,10421963818400
330350,위더스제약,KOSDAQ,제약,102639812840
330590,롯데리츠,KOSPI,서비스업,956082558540
330730,스톤브릿지벤처스,KOSDAQ,금융,79987326900
330860,네패스아크,KOSDAQ,반도체,294244686750
331380,포커스에이치엔에스,KOSDAQ,일반전기전자,42383094950
331520,밸로프,KOSDAQ,디지털컨텐츠,62329655640
331920,셀레믹스,KOSDAQ,제약,38616420040
332290,누보,KOSDAQ,화학,91800671325
332370,아이디피,KOSDAQ,정보기기,52630323590
332570,와이팜,KOSDAQ,IT부품,140508702960
333050,모코엠시스,KOSDAQ,소프트웨어,37941521274
333430,일승,KOSDAQ,운송장비·부품,122446086795
333620,엔시스,KOSDAQ,일반전기전자,140927192400
334890,이지스밸류리츠,KOSPI,서비스업,182073134925
334970,프레스티지바이오로직스,KOSDAQ,제약,254209151040
335810,프리시젼바이오,KOSDAQ,의료·정밀기기,66302384720
335870,윙스풋,KOSDAQ,유통,36615721290
335890,비올,KOSDAQ,의료·정밀기기,389665455360
336060,웨이버스,KOSDAQ,출판·매체복제,73581145600
336260,두산퓨얼셀,KOSPI,전기전자,2027030819700
33626K,두산퓨얼셀1우,KOSPI,전기전자,121614220000
33626L,두산퓨얼셀2우B,KOSPI,전기전자,33177793000
336370,솔루스첨단소재,KOSPI,전기전자,1393914441500
33637K,솔루스첨단소재1우,KOSPI,전기전자,79056297650
33637L,솔루스첨단소재2우B,KOSPI,전기전자,20915104500
336570,원텍,KOSDAQ,의료·정밀기기,772403495400
337930,브랜드엑스코퍼레이션,KOSDAQ,인터넷,153942258140
338100,NH프라임리츠,KOSPI,서비스업,81450900000
338220,뷰노,KOSDAQ,소프트웨어,270131624400
339770,교촌에프앤비,KOSPI,유통업,222094780600
339950,아이비김영,KOSDAQ,기타서비스,92140642750
340360,다보링크,KOSDAQ,통신장비,35152961520
340440,세림B&G,KOSDAQ,화학,76337799160
340570,티앤엘,KOSDAQ,제약,463296000000
340810,씨유박스,KOSDAQ,소프트웨어,146908170420
340930,유일에너테크,KOSDAQ,기계·장비,221749606000
344820,KCC글라스,KOSPI,비금속광물,690724644000
344860,이노진,KOSDAQ,화학,41804250000
347000,센코,KOSDAQ,의료·정밀기기,104295724160
347700,라이프시맨틱스,KOSDAQ,소프트웨어,51855706500
347740,피엔케이피부임상연구센타,KOSDAQ,기타서비스,96784107600
347770,핌스,KOSDAQ,IT부품,114384859820
347860,알체라,KOSDAQ,소프트웨어,222184335320
347890,엠투아이,KOSDAQ,정보기기,158911009840
348030,모비릭스,KOSDAQ,디지털컨텐츠,102664622000
348150,고바이오랩,KOSDAQ,기타서비스,234566814600
348210,넥스틴,KOSDAQ,반도체,750733219600
348340,뉴로메카,KOSDAQ,기계·장비,415239232500
348350,위드텍,KOSDAQ,의료·정밀기기,128007852000
348370,엔켐,KOSDAQ,화학,1172724716800
348950,제이알글로벌리츠,KOSPI,서비스업,902008320000
350520,이지스레지던스리츠,KOSPI,서비스업,110598606300
351320,에스에이티이엔지,KOSDAQ,IT부품,87403067420
351330,이삭엔지니어링,KOSDAQ,컴퓨터서비스,82885200000
352480,씨앤씨인터내셔널,KOSDAQ,화학,470154529950
352700,씨앤투스,KOSDAQ,섬유·의류,121382200550
352770,클리노믹스,KOSDAQ,기타서비스,91254944700
352820,하이브,KOSPI,서비스업,11245249440000
352910,오비고,KOSDAQ,소프트웨어,137841833690
352940,인바이오,KOSDAQ,화학,52436797250
353060,에이치엠씨제5호스팩,KOSDAQ,금융,10690350000
353190,휴럼,KOSDAQ,음식료·담배,52581175400
353200,대덕전자,KOSPI,전기전자,1289781742500
35320K,대덕전자1우,KOSPI,전기전자,23092619380
353590,오토앤,KOSDAQ,유통,159399556600
353810,이지바이오,KOSDAQ,음식료·담배,137792631600
354200,엔젠바이오,KOSDAQ,기타서비스,93747371160
355150,코스텍시스,KOSDAQ,반도체,111286794245
356680,엑스게이트,KOSDAQ,소프트웨어,127760742850
356860,티엘비,KOSDAQ,일반전기전자,212876439500
356890,싸이버원,KOSDAQ,소프트웨어,48421475400
357120,코람코에너지리츠,KOSPI,서비스업,493137020180
357230,에이치피오,KOSDAQ,음식료·담배,195932549560
357250,미래에셋맵스리츠,KOSPI,서비스업,71556000000
357430,마스턴프리미어리츠,KOSPI,서비스업,87846900000
357550,석경에이티,KOSDAQ,화학,244384000000
357580,아모센스,KOSDAQ,IT부품,167665137720
357780,솔브레인,KOSDAQ,화학,1827963010000
357880,비트나인,KOSDAQ,소프트웨어,91593494120
358570,지아이이노베이션,KOSDAQ,기타서비스,547907710000
359090,씨엔알리서치,KOSDAQ,기타서비스,71130263445
360070,탑머티리얼,KOSDAQ,일반전기전자,471874671300
361390,제노코,KOSDAQ,통신장비,160891924050
361570,알비더블유,KOSDAQ,오락·문화,146345732370
361610,SK아이이테크놀로지,KOSPI,전기전자,6951515220000
361670,삼영에스앤씨,KOSDAQ,일반전기전자,40467078120
362320,청담글로벌,KOSDAQ,유통,170781219900
363250,진시스템,KOSDAQ,의료·정밀기기,156964047000
363260,모비데이즈,KOSDAQ,기타서비스,135215925715
363280,티와이홀딩스,KOSPI,기타금융,516899997000
36328K,티와이홀딩스우,KOSPI,기타금융,13126227840
365270,큐라클,KOSDAQ,기타서비스,140418395520
365340,성일하이텍,KOSDAQ,화학,1721253645600
365550,ESR켄달스퀘어리츠,KOSPI,서비스업,901366470000
365590,하이딥,KOSDAQ,반도체,301035990600
365900,브이씨,KOSDAQ,기타제조,44885242000
366030,공구우먼,KOSDAQ,섬유·의류,210576838500
366330,신한제7호스팩,KOSDAQ,금융,15583750000
367000,플래티어,KOSDAQ,소프트웨어,99052106230
367340,DB금융스팩8호,KOSDAQ,금융,12432750000
367360,DB금융스팩9호,KOSDAQ,금융,10285000000
367480,유안타제8호스팩,KOSDAQ,금융,20216350000
368600,아이씨에이치,KOSDAQ,기타제조,100096220850
368770,파이버프로,KOSDAQ,의료·정밀기기,118275210000
368970,오에스피,KOSDAQ,음식료·담배,62619272000
369370,블리츠웨이,KOSDAQ,기타제조,80099195670
370090,퓨런티어,KOSDAQ,의료·정밀기기,227045782500
371950,풍원정밀,KOSDAQ,IT부품,235443060720
372170,윤성에프앤씨,KOSDAQ,기계·장비,1302180633600
372290,하나머스트7호스팩,KOSDAQ,금융,9554880000
372800,아이티아이즈,KOSDAQ,소프트웨어,67300907400
372910,한컴라이프케어,KOSPI,의료정밀,143906911200
373200,하인크코리아,KOSDAQ,기타제조,115833240000
373220,LG에너지솔루션,KOSPI,전기전자,137592000000000
373340,유진스팩6호,KOSDAQ,금융,7610400000
375500,DL이앤씨,KOSPI,건설업,1421990645250
37550K,DL이앤씨우,KOSPI,건설업,45131444750
37550L,DL이앤씨2우(전환),KOSPI,건설업,55438713750
376180,피코그램,KOSDAQ,기타제조,158937484540
376190,LB루셈,KOSDAQ,반도체,205902000000
376290,씨유테크,KOSDAQ,IT부품,77428137500
376300,디어유,KOSDAQ,소프트웨어,861026416800
376930,노을,KOSDAQ,의료·정밀기기,88650322200
376980,원티드랩,KOSDAQ,소프트웨어,133717681440
377030,맥스트,KOSDAQ,소프트웨어,225065143000
377190,디앤디플랫폼리츠,KOSPI,서비스업,213164000000
377220,프롬바이오,KOSDAQ,음식료·담배,114938600000
377300,카카오페이,KOSPI,기타금융,7773480160000
377330,이지트로닉스,KOSDAQ,일반전기전자,88284048600
377400,하이제6호스팩,KOSDAQ,금융,12275025000
377450,리파인,KOSDAQ,기타서비스,142452600000
377460,위니아에이드,KOSDAQ,유통,85895199900
377480,마음AI,KOSDAQ,소프트웨어,183340311700
377630,삼성스팩4호,KOSDAQ,금융,16220700000
377740,바이오노트,KOSPI,의약품,535374252000
378800,샤페론,KOSDAQ,제약,127813511740
378850,화승알앤에이,KOSPI,운수장비,88510283180
380320,삼성머스트스팩5호,KOSDAQ,금융,14141400000
380440,엔에이치스팩19호,KOSPI,기타금융,102580000000
380540,옵티코어,KOSDAQ,통신장비,62676073275
381970,케이카,KOSPI,유통업,639070023570
382480,지아이텍,KOSDAQ,기계·장비,176910344300
382800,지앤비에스 에코,KOSDAQ,기계·장비,146489870880
382840,원준,KOSDAQ,기계·장비,344374151550
382900,범한퓨얼셀,KOSDAQ,일반전기전자,244431900000
383220,F&F,KOSPI,섬유의복,5087179560000
383310,에코프로에이치엔,KOSDAQ,화학,970332688800
383800,LX홀딩스,KOSPI,기타금융,627790078700
38380K,LX홀딩스1우,KOSPI,기타금융,15238964000
383930,디티앤씨알오,KOSDAQ,기타서비스,68804255040
386580,한화플러스제2호스팩,KOSDAQ,금융,9339200000
388050,지투파워,KOSDAQ,일반전기전자,210594889560
388720,유일로보틱스,KOSDAQ,기계·장비,224389122900
388790,라이콤,KOSDAQ,통신장비,111632035950
388800,유진스팩7호,KOSDAQ,금융,11422800000
389020,자람테크놀로지,KOSDAQ,통신장비,238922491500
389030,지니너스,KOSDAQ,기타서비스,82101081275
389140,포바이포,KOSDAQ,디지털컨텐츠,146729794900
389260,대명에너지,KOSDAQ,건설,419430000000
389470,인벤티지랩,KOSDAQ,제약,85148282280
389500,에스비비테크,KOSDAQ,기계·장비,302261550800
391060,엔에이치스팩20호,KOSDAQ,금융,50949000000
391710,코닉오토메이션,KOSDAQ,소프트웨어,154599501950
393210,토마토시스템,KOSDAQ,소프트웨어,69187037040
393360,신한제8호스팩,KOSDAQ,금융,17088750000
393890,더블유씨피,KOSDAQ,일반전기전자,1836460231000
394280,오픈엣지테크놀로지,KOSDAQ,소프트웨어,432870141000
395400,SK리츠,KOSPI,서비스업,1010287966060
396270,넥스트칩,KOSDAQ,반도체,197399899200
396300,세아메카닉스,KOSDAQ,금속,172446645000
396690,미래에셋글로벌리츠,KOSPI,서비스업,98513400000
397030,에이프릴바이오,KOSDAQ,기타서비스,284790561250
397880,교보11호스팩,KOSDAQ,금융,9923400000
399720,가온칩스,KOSDAQ,반도체,338905440000
400560,하나금융20호스팩,KOSDAQ,금융,8921250000
400760,NH올원리츠,KOSPI,서비스업,154874000000
400840,하이제7호스팩,KOSDAQ,금융,10956800000
402030,코난테크놀로지,KOSDAQ,소프트웨어,457275742000
402340,SK스퀘어,KOSPI,기타금융,6401407587750
403550,쏘카,KOSPI,서비스업,531154318170
403870,HPSP,KOSDAQ,반도체,2256220200000
404950,DB금융스팩10호,KOSDAQ,금융,12380800000
404990,신한서부티엔디리츠,KOSPI,서비스업,204518756020
405000,플라즈맵,KOSDAQ,의료·정밀기기,111362680800
405100,큐알티,KOSDAQ,기타서비스,171615478140
405350,IBKS제17호스팩,KOSDAQ,금융,6582400000
405640,신한제9호스팩,KOSDAQ,금융,9977000000
405920,나라셀라,KOSDAQ,유통,112683165000
406760,하나금융21호스팩,KOSDAQ,금융,16450200000
407400,꿈비,KOSDAQ,기타제조,134719127400
408900,스튜디오미르,KOSDAQ,방송서비스,182526727500
408920,메쎄이상,KOSDAQ,기타서비스,120279923100
409570,한국제10호스팩,KOSDAQ,금융,16662800000
411080,샌즈랩,KOSDAQ,소프트웨어,195030474960
412350,레이저쎌,KOSDAQ,반도체,68519435490
412930,미래에셋비전스팩1호,KOSDAQ,금융,13371040000
413600,키움제6호스팩,KOSDAQ,금융,7751800000
413630,유진스팩8호,KOSDAQ,금융,12757600000
415580,상상인제3호스팩,KOSDAQ,금융,11735100000
417010,나노팀,KOSDAQ,기계·장비,518124572400
417180,핑거스토리,KOSDAQ,디지털컨텐츠,74013094400
417310,코람코더원리츠,KOSPI,서비스업,191092000000
417500,제이아이테크,KOSDAQ,반도체,49832810880
417790,트루엔,KOSDAQ,정보기기,175774407000
417840,저스템,KOSDAQ,반도체,125540920000
417860,오브젠,KOSDAQ,소프트웨어,156548921250
417970,모델솔루션,KOSDAQ,기계·장비,133371195000
418170,하나금융22호스팩,KOSDAQ,금융,13222000000
418210,신한제10호스팩,KOSDAQ,금융,7905600000
418420,라온텍,KOSDAQ,반도체,368557122750
418550,제이오,KOSDAQ,기타서비스,1024696127100
419050,삼기이브이,KOSDAQ,운송장비·부품,263102704000
419080,엔젯,KOSDAQ,기계·장비,288714076650
419120,산돌,KOSDAQ,소프트웨어,88138261620
419270,신영스팩7호,KOSDAQ,금융,9600150000
419530,SAMG엔터,KOSDAQ,오락·문화,240975586500
419540,비스토스,KOSDAQ,의료·정밀기기,55526914065
420770,기가비스,KOSDAQ,반도체,906316697000
421800,교보12호스팩,KOSDAQ,금융,12647700000
422040,엔에이치스팩23호,KOSDAQ,금융,15573000000
424140,케이비제21호스팩,KOSDAQ,금융,16191000000
424760,벨로크,KOSDAQ,컴퓨터서비스,45719005240
424980,마이크로투나노,KOSDAQ,반도체,124000745500
425040,티이엠씨,KOSDAQ,반도체,537681368400
425290,삼성스팩6호,KOSDAQ,금융,16615200000
425420,티에프이,KOSDAQ,반도체,107891880000
426550,IBKS제19호스팩,KOSDAQ,금융,11811000000
427950,하나금융23호스팩,KOSDAQ,금융,11398800000
430220,신영스팩8호,KOSDAQ,금융,14601600000
430230,하나금융24호스팩,KOSDAQ,금융,17248620000
430460,한화플러스제3호스팩,KOSDAQ,금융,12432000000
430700,유안타제9호스팩,KOSDAQ,금융,11501800000
432320,KB스타리츠,KOSPI,서비스업,466505711000
433530,키움제7호스팩,KOSDAQ,금융,9010475000
434480,모니터랩,KOSDAQ,소프트웨어,155966485500
435380,유안타제10호스팩,KOSDAQ,금융,12233550000
435620,하나금융25호스팩,KOSDAQ,금융,41987520000
435870,에스케이증권제8호스팩,KOSDAQ,금융,8742000000
436530,케이비제22호스팩,KOSDAQ,금융,11327400000
436610,한국제11호스팩,KOSDAQ,금융,16795800000
437780,엔에이치스팩24호,KOSDAQ,금융,10965400000
438220,대신밸런스제13호스팩,KOSDAQ,금융,13761600000
438580,엔에이치스팩25호,KOSDAQ,금융,7112100000
439250,삼성스팩7호,KOSDAQ,금융,34704820000
439410,엔에이치스팩26호,KOSDAQ,금융,19008000000
439730,IBKS제20호스팩,KOSDAQ,금융,9999200000
440200,케이비제23호스팩,KOSDAQ,금융,12525625000
440790,교보13호스팩,KOSDAQ,금융,8606250000
440820,엔에이치스팩27호,KOSDAQ,금융,16653000000
441270,파인엠텍,KOSDAQ,IT부품,365950079250
442130,유진스팩9호,KOSDAQ,금융,7612000000
442310,대신밸런스제14호스팩,KOSDAQ,금융,16607250000
442770,IBKS제21호스팩,KOSDAQ,금융,9388300000
442900,미래에셋드림스팩1호,KOSDAQ,금융,73574400000
445360,비엔케이제1호스팩,KOSDAQ,금융,9007900000
445970,신영스팩9호,KOSDAQ,금융,11390000000
446070,유니드비티플러스,KOSPI,종이목재,94015364900
446150,유안타제12호스팩,KOSDAQ,금융,10017000000
446190,미래에셋비전스팩2호,KOSDAQ,금융,10593000000
446750,하나26호스팩,KOSDAQ,금융,12813750000
446840,키움제8호스팩,KOSDAQ,금융,12465600000
448370,하나27호스팩,KOSDAQ,금융,12195400000
448730,삼성FN리츠,KOSPI,서비스업,394230000000
448740,삼성스팩8호,KOSDAQ,금융,45660560000
448760,IBKS제22호스팩,KOSDAQ,금융,9878900000
448830,미래에셋비전스팩3호,KOSDAQ,금융,10553400000
449020,유안타제13호스팩,KOSDAQ,금융,20043800000
450140,코오롱모빌리티그룹,KOSPI,유통업,254561748750
45014K,코오롱모빌리티그룹우,KOSPI,유통업,23676996800
450410,엔에이치스팩28호,KOSDAQ,금융,8702400000
451800,한화리츠,KOSPI,서비스업,356530000000
452260,한화갤러리아,KOSPI,유통업,320449935330
45226K,한화갤러리아우,KOSPI,유통업,23090536500
453340,현대그린푸드,KOSPI,유통업,395729075520
456040,OCI,KOSPI,화학,976442517700
457190,이수스페셜티케미컬,KOSPI,화학,834575473500
900070,글로벌에스엠,KOSDAQ,금융,47724643584
900100,애머릿지,KOSDAQ,유통,84089133900
900110,이스트아시아홀딩스,KOSDAQ,금융,48168788250
900120,씨케이에이치,KOSDAQ,금융,27531248238
900140,엘브이엠씨홀딩스,KOSPI,유통업,396369229410
900250,크리스탈신소재,KOSDAQ,금융,289111482585
900260,로스웰,KOSDAQ,금융,36607788608
900270,헝셩그룹,KOSDAQ,금융,27418240000
900280,골든센츄리,KOSDAQ,금융,48475411968
900290,GRT,KOSDAQ,금융,253666875000
900300,오가닉티코스메틱,KOSDAQ,금융,37608486643
900310,컬러레이,KOSDAQ,금융,66347175300
900340,윙입푸드,KOSDAQ,금융,48932896560
950110,SBI핀테크솔루션즈,KOSDAQ,출판·매체복제,121465327000
950130,엑세스바이오,KOSDAQ,제약,333739693130
950140,잉글우드랩,KOSDAQ,화학,178016079360
950160,코오롱티슈진,KOSDAQ,제약,714695015850
950170,JTC,KOSDAQ,유통,193611198550
950190,미투젠,KOSDAQ,출판·매체복제,163909296440
950200,소마젠,KOSDAQ,기타서비스,137124078420
950210,프레스티지바이오파마,KOSPI,서비스업,605168280850
950220,네오이뮨텍,KOSDAQ,기타서비스,302906180225
